id,nombre
2,100/100 Wapizima
3,14 De Febrero Coleccion
4,150/150 Wapizima
5,180/180 Wapizima
6,220/220 Wapizima
7,ALMON COVER WAPIZIMA 57g
8,ALMOND PINK COVER WAPIZIMA 57g
9,ALMOND PINK WAPIZIMA 28g
11,Afrodita Diosas Coleccion
12,Almond
13,Almond 28g
14,Atenea Diosas
15,Atenea Diosas Coleccion
16,Blanco 2oz Wapizima
17,CAMUFLAJE WAPIZIMA 28g
18,CAPUCCINO
19,CAPUCCINO COVER WAPIZIMA 57g
20,CINNAMON COVER WAPIZIMA 57g
21,COTTON CANDY COVER WAPIZIMA 1oz
22,COVER BROWN COVER WAPIZIMA 57g
23,COVER NATURAL WAPIZIMA 28g
24,COVER NATURAL WAPIZIMA 57g
25,COVER PINK WAPIZIMA 28g
26,COVER PINK WAPIZIMA 57g
27,COVER ROSE GOLD WAPIZIMA 28g
28,COVER ROSE GOLD WAPIZIMA 57g
29,COVER SALMON WAPIZIMA 28g
30,Camuflage 57g Wapizima
31,Camuflaje
32,Cinnamon 28g Wapizima
33,Corazones Fiusha
34,Corazones Menta
35,Corazones Morados
36,Corazones Rojos
37,Cover Brow Wapi 28g
38,Cristal 57gr
39,Cristal Clear Wapi 2oz
40,Cristal Premium 28gr
41,DESHIDRATADOR DE UÑAS WAPI
42,DIOSAS AFRODITA 1oz
43,DIOSAS ARTEMISAS 1oz
44,DIOSAS COLECCION VENUS
45,DIOSAS HERA 1oz
46,DIOSAS MELODY 1oz
47,DIOSAS PANDORA 1oz
48,DIOSAS SELENE 1oz
49,DIOSAS VENUS 1oz
50,Decoracion Naturaleza Muerta
51,Diana Diosas Coleccion
52,EFECTO PERLA WAPIZIMA
53,FINISH SOLUCION WAPIZIMA
54,Forever Coleccion
55,GAMA OJO DE GATO CEREZA
56,GAMA OJO DE GATO DIAMANTE ARCOIRIS (A)
57,GAMA OJO DE GATO DIAMANTE ARCOIRIS (B)
58,GAMA OJO DE GATO DIAMANTE REFLEJANTE
59,GAMA OJO DE GATO NIEBLA (A)
60,GAMA OJO DE GATO NIEBLA (B)
61,GAMA OJO DE GATO NIEBLA (C)
62,Glitter Pink Coleccion
63,Glitter Plata Coleccion
705,AR011 FOREST
64,Glitter Rojo Coleccion
65,Glitter Rose Coleccion
66,Hera Diosas Coleccion
67,Hoja Extra Fina Dorado
68,Hoja Extra Fina Lila
69,Hoja Extra Fina Oro
70,Hoja Extra Fina Plata
71,Hoja Extra Fina Roja
72,Hoja Extrafina Rosa
73,KIT QUEEN WAPIZIMA
74,Kit Sandia Spa
75,Kit Mandarina
76,LIMPIA PINCEL WAPIZIMA
77,LIPSTIC IVETTE COVER WAPIZIMA 1oz
78,LUZ DE LUNA OJO DE GATO
79,LUZ DE LUNA OJO DE GATO
80,MAGIC COVER WAPIZIMA 57g
81,MAGIC WAPIZIMA 28g
82,MONOMERO FLOWERS WAPIZIMA
83,MONOMERO LOVE
84,MONOMERO MANDARINA WAPIZIMA
85,MONOMERO MANGO WAPIZIMA
86,MONOMERO PIÑA WAPIZIMA
87,MONOMERO ROSE WAPIZIMA
88,MONOMERO WATERMELON WAPIZIMA
89,Magic
90,Melody Diosas Coleccion
91,Metal Rose Gold 57gr Wapizima
92,Metal Rose Gold 28g Wapizima
93,Milk Premium 2oz WAPIZIMA
94,Minerva Diosas Coleccion
95,Mix Love Dorado
96,Mix Love Rojo
97,Mix Love Tornasol
98,Mucho Amor Rojo Coleccion
99,Mucho Amor Rosa Coleccion
100,NATURAL BROWN COVER WAPIZIMA 57g
101,NATURAL BROWN WAPIZIMA 28g
102,NATURAL SHINE COVER WAPIZIMA 57g
103,NATURAL SHINE WAPIZIMA 28g
104,Natural
105,Natural Shine
106,PEACH FUZZ 1OZ WAPIZIMA
107,PEACH FUZZ COVER WAPIZIMA 57g
108,PETAL COVER WAPIZIMA 57g
109,PETAL PINK COVER WAPIZIMA 57g
110,PETAL PINK WAPIZIMA 28g
111,PETAL ROSE COVER WAPIZIMA 57g
112,PINK SALMON COVER WAPIZIMA 57g
113,PINK SALMON WAPIZIMA 28g
114,PINK SHINE COVER WAPIZIMA 57g
115,PINK SHINE WAPIZIMA 28g
116,Pasion Coleccion Acrilico
117,Petal 28g Wapizima
118,Petal Rose 28g Wapizima
119,Protein Bond Wapizima
120,Puro Love Colecccion
121,REMOVEDOR DE CUTICULA WAPI
122,RESINA EXTRA FUERTE WAPI
123,Resina Extra Fuerte Wapizima 15ml
124,Rojo Bonito Wapi Color
125,Rose
126,SANI SPRAY FLOWERS WAPIZIMA
127,SANI SPRAY MANGO
128,SANI SPRAY ROSE
129,SANI SPRAY WAPI
130,SANI SPRAY WATERMELON
131,STRON PINK COVER WAPIZIMA 57g
132,STRONG PINK WAPIZIMA 28g
133,SYNERGY WIPE WAPI
134,Sani Spray Mango 240ml
135,Sany Spary Rose 240ml
136,Sany Spray 240ml
137,Selene Diosas Coleccion
138,Spa Bombas Efervecentes Wapi
139,TINTA DE ALCOHOL MUSSA
140,Top Coat Tokio
141,Vino Wapicolors
142,WAPIZIMA EFECTO ORO
143,WAPIZIMA KILISNKY 3D MINI
144,WAPIZIMA KOLINSKY #10
145,WAPIZIMA KOLINSKY #12
146,WAPIZIMA KOLINSKY #8
147,WAPIZIMA KOLISNKY 3D
148,100/100 Sweet
149,180/180 Sweet
150,180/220 Buffer Sweet
151,240/240 Sweet
152,320/320 Sweet
153,80/80 Sweet
154,Jelly Cherry Pop 1 y 2
155,Jelly Citricos 1 Y 2
156,Jelly Coconut Sun
157,Limaton 100/100
158,Limaton 80/80
159,Sanadalias 3 pares
160,Tea Tree Antimicotico Sweet
161,ACRILICO MEDICADO 1 OZ CRYSTAL O ROSA
162,ALICATE RECTA ECONOMICA (PROFESIONAL)
163,ALOE UREA 125 ML (MEDIANO)
164,ALOE UREA 250 ML (GRANDE)
165,Aceite De Citricos 125 Ml ( Rojo)
166,Agua Bidestilada 1 L
167,Aloe Urea 60 Ml
168,Biotina
169,CLEAN FEET DESINFECTANTE DE TOALLAS 480 ML
170,CREMA HIDRATANTE EUCALIPTO 150G
171,Clean & Feet Mini (250ml)
172,Crema Extra Hidratante De Eucalipto 90g
173,Desinfectante Areas Y Piel 125 ML Chico/Mediano
174,Desinfectante Areas Y Piel 250 ML
175,Desinfectante Areas Y Piel 60 Ml (mini)
176,Desinfectante Areas Y Piel GALON 4L
177,Desinfectante De Calzado 60ML
178,ESPUMA CEREZA 250ML
179,ESPUMA LAVANDA
180,EXFOLIANTES DE CEREALES 12 OZ
181,Exfoliante Berry 250 Ml
182,Exfoliante De Cafe 300g
183,Exfoliante Lima Limon 200 Gr
184,Exfoliante Shalqi 250 Ml
185,Fenol 250 Ml
186,Fungicida Normal O Diabetico
187,GEL PARA PIES CANSADOS (GRANDE) 250 ML
188,GEL PARA RESEQUEDAD 100ML
189,Gel Para Pies Cansados 150 Ml (Mini)
190,Gel Para Pies Cansados 200ml
191,Gel Para Resequedad 200Ml (GRANDE)
192,Gotas Tea Tree 5ml (mini)
193,HEMOSTATICO SHANTI 60 ML
194,Hidratante De Citricos (rojo)
195,Hidratante Deep 125 Ml (azul)
196,Jabon Zeep 500ml Clinico
197,Kit Bag Pedi Chico
198,MASCARILLA CHOCOMENTA 100GR
199,MASCARILLA CHOCOMENTA 100GR
200,MILD LEMON Reblandecedor 250 Ml
201,MILD LEMON Reblandecedor 500Ml
202,Mascarilla De Piña Y Kiwi 100gr
203,Mascarilla De Uva 100gr
204,Medigel
205,Monomero Sara Apolinar 2oz
206,PUNTA BOLA DE TUNGSTENO PAQUETE DE 3
207,Pomada Crema Dolor Plantar (Relajante)
208,Pomada Doloplantar 40gr
209,Pomada Reparadora De Talones 150ml
210,Pomada Reparadora De Talones 90G
211,Red Power 125 Ml (mini)
212,Red Power 250 Ml (grande)
213,SALES MINERALES CON LIMON O NARANJA (MINI) 100GR
214,SALES MINERALES CON LIMON O NARANJA 200GR
215,SANITIZER De Areas Y Piel 500ml
216,SANITIZER Desinfectante Areas Y Piel 1L
217,SPRAY ANTIOLOR DE PIES
218,STERIMAX 300ML
219,Sal Mineral (Naranja O Limon 500gr)
220,Sales Minerales Con Naranja
221,Sales Minerales De Limon 1kg
222,Sales Minerales De Naranja
223,Sales Minerales De Naranja 1kg
224,Sales Minerales Limon O Naranja Sara
225,Shampo De Piña 250 Ml (chico)
226,Shampo De Piña 500ML
227,Spray ANTITRANSPIRANTE Y Antiolor 60 Ml
228,Steribon 1lt
229,Steribon 500 Ml (chico)
230,Sterimax Mini 60 Ml (esterilizador)
231,Talco Neutro Con Mentol Sara Apolinar
232,UREA ZELEN BIOSEGURIDAD 90g
233,Urea Dermatomicosis
234,180/220 Nail Teach
235,Bola Roja
236,Bullet Rojo
237,C.04
238,C.05
239,C.07
240,C.07
241,C.111
242,C.112
243,C.114
244,C.118
245,C.35
246,C.36
247,CL.223 5mm
248,CL.S01
249,CL.S02
250,Charola Esterilizar
251,Cilindro Rojo
252,Conica Carburo Debaste Roja/Azul
253,Conne Redondeado
254,Diamante Zanahoria
255,ES.03
256,FLAMA AZUL CON PUNTA 2.1/8MM
257,FLAMA ROJA 2.1/8MM
258,Flama Azul 2.3/10mm
259,Flama Azul 2.01/10mm
260,Flama Roja 2.1/10mm
261,Flama Roja 2.3/10mm
262,Flama Tornado 2.1/12 Rojo
263,Flama Tornado 2.3/12
264,Frustum Azul 3.1/10mm
265,Frustum Roja 4/9
266,KD 712
267,KD.701
268,KD.702
269,KD.703
270,KD.704
271,KD.711
272,KD.718
273,KDM.713
274,KDN.720
275,KDN.721
276,Kd.710
277,Lima Lavable 180/220 Nghia
278,Mandil Nghia Pro
279,N.03
280,N.04
281,N.05
282,N.118
283,NL.202
284,NL.203 16ML
285,NL.205
286,NL.208
287,Oil Kodi
288,P.04
289,P.08
290,P.12
291,P.13
292,P.14
293,P.15
294,P.17
295,P.26 2.00mm
296,P.26 2.5mm
297,PUNTA SILICON GDE NAIL TECH
298,PUNTA SILICON VERDE NAIL TECH
299,Pera Baby
300,Pera Delgada Roja/Amarillo
301,Pododisco 25mm/180
302,Removedor De Cuticula Kodi
303,Repuesto 35mm 180
304,Sponge 35mm/320
305,T.10
306,T.11
307,Top Coat Kodi
308,005 Gc Nails
309,22
310,06 Gc Nails Gel
311,084 CABARET GEL GC NAILS
312,10 Gc Gel
313,10 King Color Mc
314,14 BUGAMBILIA GC NAILS
315,18 Gc Nails Gel
316,180/180 Rombo Mc
317,240/240 MC
318,8 King Color Mc
319,9 King Color Cover Mc
320,ABLANDADOR DE CUTICULA MC
321,ACEITE DE CUTICULA
322,ACEITE DE CUTICULA MARIA CIBELES
323,ACEITE PARA CUTICULA GC 9ml
324,ACEITE PARA MASAJE LAVANDA MC
325,ACEITE PARA MASAJES MENTA MC
326,ACRILICO Transparente 1oz Mc
327,ALICATE PARA MANO MC
328,ANTISEPTICO VERDE
329,Ablandador De Cuticula Mc 4oz
330,Aceite Para Masaje De Menta Mc
331,Aceite Para Masaje Mango
332,Acetona Pura Bella Nails 250ml
333,Acri Shape Liquido Moldeador
334,Acrigel Clear Gc
335,Acrigel Pink Gc
336,Acrigel White Gc
337,Acrilico Blanco 2oz Mc
338,Acrilico Blanco 4oz Mc
339,Acrilico Cristal 2 Oz Mc
340,Acrilico Transparente 1/2oz
341,Acrilico Transparente 16oz Mc
342,Acrilico Transparente 32oz Mc
343,Acrilico Transparente 4 Oz
344,Adherente Monarca 14ml
345,Alicata Large Gc Nails
346,Alicate Medium Gc Nails
347,Alli REMOVEDOR DE GEL Y ACRILICO
348,Anti Hongos Mc
349,BLANCO 1/2OZ MC
350,BLOOMING GC NAILS
351,BOMBA JELLY FRESA MC
352,BOMBA JELLY MANGO MC
353,BOMBA JELLY PERA
354,BOND 1 HIDRATANTE GC
355,BOND 2 ADERENTE GC
356,Bama B
357,Base Gel Novamore
358,Bel Base Bela More Gc Nails
359,Bella Nails Acetona 130ml
360,Blanco 1oz Mc
361,Bledo Chico Mc
362,Bling Bond Dreams 30g Mc
363,Block Pulidor Gc
364,Blooming Gel Dreams 12ml Mc
365,Blooming Gel Gc
366,Bomba Suelta
368,C.36
369,CARTERA DE CIRSTAL GC
370,CHEESECAKE
371,CIO
372,CLIP REMOVEDOR DE GEL MARIA CIBELES
373,COLECCION ARUMA
374,COLECCION BAMOA
375,COLECCION CHAMANI
376,COLECCION ITZE
377,COLECCION ITZMIN
378,COLECCION IZTLI
379,COLECCION MUXES CRISANTEMO
380,COLECCION MUYAL
381,COLECCION SINTLI
382,COLECCION TLALLI
383,COOKIES
384,CORTA TIPI KEENCUT GC
385,CORTA TIPS MC
386,CORTA UÑAS GRANDE
387,COVER QUEEN
388,COWBOY NATURAL TIP
389,Carving Building Gel Latte Gel Solido
390,Carving Builgin Gel Clear Gel Solido Mc
391,Cepillo Doble Amarillo
392,Cepillo Doble Azul
393,Cepillo Doble Morado
394,Cepillo Doble Rosa
395,Cepillo Doble Verde
396,Cepillo Mc Nails
397,Cera Para Depilar 140g Mc
398,Clean Plus Maria Cibeles
399,Coleccion Diva Mc
400,Coleccion Divina Mc
401,Coleccion Draga Draga Mc
402,Coleccion Inalcalzable Mc
403,Colorful Blue Monomero 8oz
404,Colorful Purple Monomero 8oz
405,Colorful Rose Monomero 8oz
406,Colorful Sunlight Monomero 8oz
407,Corta Tip Maria Cibeles
408,Corta Tip Rosa Color Full
409,Corta Uñas Mediano Mc
410,Cortador De Tips Premium Maria Cibeles
411,Cowboy Tips Cristal
412,Cuticule Oil Mango
413,DAZZ COVER TOP COAT
414,DEDO DE PRACTICA
415,DESPACHADOR DE LIQUIDOS MC
417,Dreams Rubber Gel 5 12ml Mc
418,Dreams Rubber Gel 7 12ml Mc
419,Duo De Bombas Mango Y Fresa
420,Duo De Bombas Pera Y Menta Mc
421,Duo De Bombas Rosa Y Lavanda Mc
422,ELEMENTS EARTH
423,ELEMENTS FIRE
424,ELEMENTS METAL
425,ELEMENTS WATER
426,ELEMENTS WOOD
427,ESPONGE 180/220 MC
428,Elementales #2 1 Oz Azul Mc
429,Elementales 1 Mc 1 Oz Rojo
430,Elementales 3 Negro 1oz Mc
431,Elementales 4 Amarillo 1oz Mc
432,Elemtales 5 1oz Mc Verde
433,Eliminador De Gel Maria Cibeles
434,Empujador De Cuticula Gc Nails
435,Empujador De Cuticula Mc
436,Exfoliante Cafe Expresso Mc
437,Exfoliante Citrico Mc
438,Exfoliante FACIAL Y CORPORAL Mc Cafe 500g
439,Exfoliante Facial Y Corporal Mc Te Verde 500g
440,Exfoliante Mc Grande Granada
441,Exfoliante Menta Y Verde
442,Exfoliante Miel Mc
443,Exfoliante Nuez Mc
444,Exfoliciante FACIAL Y CORPORAL Mar Scrub MC 500g
445,FEMME DECIDIDA
446,FEMME INTELIGENTE
447,FEMME ROMANTICA
448,FEMME VALIENTE
449,FINISH STEP 4OZ
450,FLORI DI LOTO
918,26 ROSE
451,FLORI LAVANDA
452,FLORI MAGNOLIA
453,FLORI TULIPANO
454,FORMA ESCULTURAL (VERDE) CHICA 100 PZAS
455,For Ever Shine (Gel Top) Uña Wn Gel O Uña Acrilica
456,Forma Esculrural Maria Cibeles 100pzas
457,Forma Esculrural Rosa 100 Pzas
458,Forma Esculrural Rosa 500pza
459,Forma Esculrural Verde 500 Pz
460,Forma Escultural Maria Cibeles 100 Pz B/N
461,Forma Escultural Rosa 100pza
462,Forma Gc 100pz
463,GC 13 GALAXY
464,GC 14 GALAXY
465,GEL BASE Fundation MC NAILS
466,GEL EN FRIO
467,GEL FORM ACRILICO EN GEL WHITE
468,GEL FORM CLEAR
469,GEL FORM NUDE
470,GEL REMOVER MC
471,GLAM SHIMMER (GEL TOP) MC
472,GODETE De Porcelana Grande Mc
473,Gama A Color Full
474,Gama E Color Full
475,Gama G Color Full
476,Gama H Color Full
477,Gama M
478,Gama N Color Full
479,Gama P Color Full
480,Gama Q Color Full
481,Gama R Color Full
482,Gel 03 Gc (azul)
483,Gel 07 Gc
484,Gel Base Talavera
485,Gel Blanco 01 Gc
486,Gel De Relieve Maria Cilberes
487,Gel En Frio 7g
488,Gel Negro 02 Gc
489,Gel Top Bela More Gc Nails
490,Gel Uv Builder (gel De Construccion)
491,Go Mc
492,Gotas Hemostatico Mc
493,INSTINCT
494,INSTINCT BOLD
495,INSTINCT CUNNING
496,INSTINCT MAJESTIC
497,Iliminous Top Gel 12ml Mc
498,JELLY PASO 1 MANGO TROPICAL
499,JELLY SPA PERA PASO 1
500,JELLY SPA PERA PASO 2
501,King Color Mc
502,Kit De Cremas Humectantes Mc
503,Kit De Limas Mc 70/140/210
504,Kit Depilador Mc
505,Kit Exfoliantes Mc
506,Kit Limas Mc COBA 80/100/150/180
507,Kit Mini Mc Manicura/Pedicure (varios)
508,Kit Pro Pedicura Mc
509,LAMPARA AMARILLA MC 150W
510,LAMPARA AZUL MC 150W
511,LAMPARA ROSA MC 150W
512,LIMA COBA MC 100/100
513,LIMA COBA MC 150/150
514,LIMA COBA MC 180/180
515,LIMA COBA MC 80/80
516,LIMA PERFECT LIME 100/100 GC
517,LIMA PERFECT LIME 150/150 GC
518,LIMA RAIN FOREST MC 100/100
519,LIMA SOPONGE LIME GC 180/220
520,LIMA STRONG LIME 180/180 GC
521,LIMA UXMAL MC 150/150
522,LIQUIDO HEMOSTATICO
523,Lampara Morada 150w
524,Lija Pie Rock
525,Lija Pie Wooden
526,Lima Gc 240/240
527,Lima Gc 320/320
528,Lima Gc 80/80
529,Lima Pedicura Economic 80/100 Mc
530,Lima Spoge Gc 100/180
531,Limpia Pincel Mini Mc
532,Limpia Pincel alli 59 Ml
533,Long Sharp Tips Punta De Lanza Natural
534,Luminous Top Gc (mate)
535,MACAROONDS
536,MANO DE PRACTICA Con Y Sin Uñas
537,MAXI GLOW TOP GEL MC 30ML
538,MIX 2
539,MIX 3
540,MIX 4
541,MIX 7
542,MIX 8
543,MIX 9
544,MOFFINS
545,MOLDGC PLASTIGEL 02
546,MOLDGC PLASTIGEL 09
547,MOLDGC PLASTILINA 16
548,MOLDGC PLASTILINA 07
549,MOLDGC PLASTILINA 08 EN GEL
550,MONOMERO FANTASTIC MC 16 OZ
551,MONOMERO FANTASTIC MC 32 OZ
552,MONOMERO MARIA CIBELES 16oz
553,MONOMERO MARIA CIBELES 8oz
554,MONOMERO MC 02 OZ
555,MONOMERO TAPA NARANJA 8oz MC
556,MONOMERO UNIVERSAL MONARCA Mc 8 Oz
557,MUESTRARIO SOL
558,Magic Remover
559,Magic Remover Dreams Mc
560,Maria Cibeles Monomero 1oz
561,Mascarilla Para Pies
562,Mascarilla Para Pies Mc
563,Mate Novamore
564,Monomero 4oz Mc Grape
565,Monomero Fantastic Mc 1oz
566,Monomero Maria Cibeles 4oz
567,Monomero Maria Cibeles 32oz
568,Monomero Monarca 8oz
569,Monomero TAPA NARANJA Mc 4oz
570,Monomero Universal Mc
571,Mostrario Cristal
572,Mostrario Hueso
573,NATURALE GEL TOP COAT
574,NATURALEZA MUERTA VARIOS COLORES
575,Ojo De Gato 11
576,Ojo De Gato Gc 12
577,Ojo De Gato Gc 13
578,Ojo De Gato Gc 14
579,Ojo De Gato Gc 15
580,Ojo De Gato Gc 18
581,Ojo De Gato Gc 19
582,Ojo De Gato Gc 20
583,Ojo De Gato Gc 21
584,Ojo De Gato Gc 22
585,Ojo De Gato Gc 23
586,Ojo De Gato Gc 24
587,Ojo De Gato Gc 25
588,Ojo De Gato Gc 26
589,Ojo De Gato Gc 27
590,Ojo De Gato Gc 28
591,Ojo De Gato Gc 29
592,Ojo De Gato Gc 30
593,PASO 1 JELLY FRESA
594,PASO 2 JELLY DE MANGO TROPICAL
595,PASO 2 JELLY FRESA
596,PATITA DE CABRA AMARILLA MC
597,PATITA DE CABRA AZUL MC
598,PATITA DE CABRA ROSA MC
599,PATITA DE CABRA VERDE MC
600,PATITTA DE CABRA MORADA MC
601,PEGAMENTO DE GOTA
602,PIE DE PRACTICA
603,PINCEL #8 Mc KOLINSKY
604,PINCEL 3D 2 MC
605,PINCEL Mc Lainer #1
606,PINCEL Mc Liner #2
607,PINCEL Mc Liner #3
608,"PINCEL ORANGE GEL 6,8"
609,PIPETA
610,PLUMA ACEITE DE CUTICULA
611,PORTA ESMALTE
612,PUNTA DE LANSA BLANCA MC
613,PUNTA DE LANZA 200 PZAS
614,PUNTA DE LANZA NATURAL
615,Palito De Naranjo
616,Passion For The Shine Gel Finish Uv (uña Acrilica)
617,Pincel #10 Mc KOLINSKY
618,Pincel #10 Little Rose
619,Pincel #4 Sunligth
620,Pincel 0 00 000 Mc
621,Pincel 3d Mc
622,Pincel SUPREME #4 3d Mc
623,Pincel Supreme #10
624,Pinceles Mano Alzada Mc
625,Pinza Curva Decoracion Mc
626,Pinza Para Estructura Maria Cibeles
627,Pinza Recta Decoracion Mc
628,Primer Adherente Mc
629,Primer Adherente Sin Acido (Cuore Bond)
630,Punteros Mc
631,RADIANT AZUL
632,RADIANT ROSA
633,RESINA MONARCA
634,RUBBER CLEAR GC NAILS
635,RUBBER CLEAR MC
636,RUBBER NUDE MC
637,RUBBER PEACH GEL
638,RUBBER PINK GEL
639,RUBBER PINK MC
640,RUBBER WHITE MC
641,Removedor De Callos 4oz Mc
642,Removedor De Callos Mc
643,Removedor De Cuticula Mc
1129,FAWN POLYGEL
644,Removedor De Gel Mc
645,Resina Monarca 7g
646,Rollo De Forma Verdes Mc 500pzas
647,Rollo Escultural Gc 500 Pzas
648,Rubber Milk Gc
649,SOLUCION CLEAN ANTISEPTICO
650,SPLASH LIQUIDO MOLDEADOR GC 4OZ
651,SPONGE TULA PINK PIETRA 150/220 MC
652,Sal Mineral Fresa Silvestre Mc
653,Sal Mineral Lavanda Relajante Mc
654,Sal Mineral Mango Tropical Mc
655,Sal Mineral Menta Y Hierbabuena Mc
656,Sal Mineral Pera Campestre
657,Sal Mineral Rosa Floral
658,Shine Lime Abrillantadora Gc
659,Solucion Antiseptica Amarillo Colorful
660,Solucion Antiseptica Azul Colorful
661,Solucion Antiseptica Mc 4oz
1119,FARAONA COLECCION
662,Solucion Antiseptica Morado Colorful
663,Solucion Antiseptica Rosa Colorful
664,Sponge TULA Mc (gris)
665,Super White Dreams (gel) Mc
666,Super White Gc
667,TALAVERA 083
668,TIJERA DE CUTICULA MC
669,TIP PUNTA XXL BLANCO
670,TIP PUNTA XXL NATURAL
671,TIP STILETTO PRESS ON 600pzs
672,TIP XXL COFFIN COLORFULL
673,TIP XXL SQUARE COLORFUL
674,TIP XXL STILETO COLORFUL
675,TIPS PUNTA C XXL CRISTAL
676,TOP GEL MARIA CIBELES 30ML
677,TRUFFLES
678,Tina Chica Color Full Varios Colores
679,Tips Cristal PUNTA DE LANZA 700 Pzs Mc
680,Tips Form Dual System Punta De Lanza
681,Tips Form Dual System Punta Oval
682,Tips Long Sharp Cristal 200 Pzas Mc
683,Tips Molde Dual Gc
684,Tips Press On Coffin Cristal Gelly Mc
685,Tips Press On Stilleto Cristal Gelly Mc 288 Pz
686,Tips Punta De Arco Pronunciado Mc
687,Tips Xxl Luna Completa Squere C
688,Top Diamante 12ml Mc
689,Top Gel Diamante Gc
690,Top Gel Extra Shine Gc 30ml
691,Top Maria Cibeles
692,Top Mate Talavera
693,Top Talavera
694,Transfer Foil Gc
695,ULTRA BLACK GEL 3 PASOS
696,ULTRA WHITE GEL 3 PASOS
697,VINO 44 GC
698,Velvet Rubber Gc
699,AR003 PARTY NEON
700,AR005 CACAO
701,AR007 STEEL
702,AR008 MANI
703,AR009 PUMPKIN
704,AR010 KIWI
706,AR012 SIME NEON
707,AR013 BORGOÑA
708,AR015 PASSION
709,AR017 CREAMY
710,AR018 JADE
711,AR019 PURPLE
712,AR020 CUPCAKE
713,AR022 CHOCOLATE
714,AR024 BARBIE NEON
715,AR025 AMARILLO NEON
716,AR026 ROJO NEON
717,AR027 NARANJA NEON
718,PINCEL ONE STROKE #3
719,PINCEL ONE STROKE #1
720,Aurora Power
721,BASE DE METAL RECTA
722,Base De Metal File Pro
723,CERA WAX CHERRY MANIKURA
724,CLEAR SOLID GUMMY
725,COSMIC FLAKE 4
726,COSMIC FLAKES 1
727,Care Dust/Touchy Dust Manikura
728,Care Solucion Hemostatica
729,Cosmic Mirror
730,Fresa Flama Long 4mm
731,Fresa Flame/Silicon
732,GEL PARA TEXTURAS TUBO
733,Germ Klean Manikura
734,Hocus Pocus Mirror
735,KIT MANIKURA
736,LOYAL TYPE
737,Lima 180/180 Manikura
738,Lima 240/240 Manikura
739,Mandil Manicura Pro Negro/Beige
740,Mandil Manikura Vinil
741,Mani Dust Manikura
742,Moldes Para Dual Mandorla
743,Moldes Para Dual Manikura
744,NEUTRA+
745,Nebulosa Mirror
746,Oil Oleo Manineral Seco Manikura
747,PUSHER TYPE 1
748,Pododisco 15mm
749,Podosico Pro 25mm
750,REPUESTOS DE BASE RECTA 240/180
751,REPUESTOS PRO FILE CURVA 180/180
752,Repuesto Pododisco 15mm/ 180
753,Repuesto Pododisco 25mm/ 180
754,Respuesto Pododisco 25mm/ 240
755,Sani Clean 150ml
756,Soft Clean Manikura
757,Solucion Wipe Manikura
758,TOP RUBBER
759,Tijera Para Zurdos
760,Tools Foam Manikura
761,Wax Cera Para Manicura
762,Wipeout Limpiador De Residuos
763,Witchery Mirror
764,VERDE MENTA
765,AMARILLO CLARO
766,ROSA NEON
767,MORADO
768,NARANJA NEON
769,LILA
770,NARANJA
771,PISTACHE
772,VAINILLA
773,VERDE NEON
774,VERDE
775,AMARILLO CANARIO
776,AMARILLO PASTEL
777,ROSA MEXICANO
778,ROSA BARBIE
779,ROSA FIUSHA
780,ROSA
781,ROSA CHICLE
782,PEACH NECTAR
783,ROSA NEON
784,ROSA SALMON
785,ROSA CORAL
786,AMARILLO
787,VERDE LIMON
788,MANDARINA
789,AZUL CRAYOLA
790,AZUL MARINO
791,MORADO VIOLETA
792,AZUL CIELO
793,AMARILLO
794,NARANJA MANDARINA
795,MANGO
796,OCRE
797,FLAKE ROJO
798,REFLECTIVO AZUL
799,VERDE FLAKE
800,FLAKE FIUSHA
801,FLAKE ORO
802,COTTO CANDY
803,NARANJA
804,ROSA INTENSO
805,VAINILLA
806,HOLYWOOD
807,ROSA BRILLANTE
808,BERMELLON
809,MOUSSE
810,SIENA
811,TOFFEE
812,TERRACOTA
813,MAUVE
814,FANCY PINK
815,AZUL MAYA
816,VERDE MILITAR
817,AMARILLO NEON
818,AZUL NEON
819,CAPUCHINO
820,AZUL CELESTE
821,LAVANDA
822,UVA
823,FLAMINGO
824,EFECTO ORO
825,EFECTO PLATA
826,GEL BUILDER
827,GEL MIXER
828,GEL SOLIDO
829,GLOSS
830,GOLDEN DIAMOND
831,GOLDEN RED
832,HELLO DOLL
833,HELLO GLOSS
834,HELLO BLING UP VOL1
835,LIMPIA PINCEL
836,MONOMERO 8OZ
837,PERLA
838,RUBBER FAIREST NUDE
839,RUBBER PEACH
840,RUBBER PINK SHINE
841,RESINA
842,RUBBER ELEGANT WHITE
843,RUBBER LIGHT PINK
844,RUBBER MAPLE
845,RUBBER NUDE
846,RUBBER NUDE SHINE
847,RUBBER PINK
848,RUBBER SALMON
849,SOFT GEL ALMOND
850,SOFT GEL COFFIN
851,TOP COAT
852,TOP MATE
853,XPRESS GEL RUBBER CRISTAL
854,KISS ME PLATA
855,01 BLANCO
856,01 NEGRO LINNER
857,PLATA
858,01 PLATA LINNER
859,DORADO
860,02 GOLD LINNER
861,02 LINNER BLANCO
862,02 NEGRO
863,03 AZUL REY
864,03 AZUL LINNER
865,ESMERALDA
866,03 GC NAILS
867,ROJO
868,04 AZUL TURQUEZA
869,CAFE
870,04 MORADO LINNER
871,VERDE MILITAR
872,05 AZUL
873,05 ROSA LINNER
874,VERDE HOJA
875,VERDE
876,AZUL
877,06 VERDE BANDERA
878,VERDE OLIVO
879,MORADO HOLOGRAFICO
880,07 ROJO LINNER
881,07 VERDE MILITAR
882,VERDE LIMON
883,08 AMARILLO MOSTAZA
884,ROSE GOLD
885,08 VERDE HOJA
886,AMARILLO PIÑA
887,FUCSIA
888,09 VERDE LIMON
889,AMARILLO NEON
890,RAINBOWN
891,11 AMARILLO MOSTAZA
892,AMARILLO NARCISO
893,AMARILLO CARAMELO
894,12 AMARILLO PIOLIN
895,12 AMARILLO CLARO
896,LADRILLO
897,14 MOSTAZA
898,NARANJA
899,NARANJA FUEGO
900,GRANATE
901,CHERRY
902,17 PERLA
903,RUBI VITRAL
904,19 ROSA
905,ROJO SANGRE
906,ROJO AMOR
907,CEREZA
908,RASPBERRY
909,ROSA ULTRA VITRAL
910,22 UVA
911,ROSA
912,HOT PINK
913,24K GEL STAY GOLD
914,24K AURUM COLECCION
915,25 ROJO TINTO
916,25 ROSA NEON
917,26 ROJO
919,27 ROSE LIGHT
920,28 CAFE OSCURO
921,28 ZINNIA
922,29 URSULA
923,30 ORCHID
924,31 INDIGO
925,32 COBALTO
926,33 CAPRI
927,34 TURQUEZA
928,35 AZUL CLARO
929,35 MENTA
930,36 CELESTE
931,37 COFFE
932,38 CAFE MEDIO
933,39 TAWNY
934,3D PINCEL
935,40 CARAMELO
936,41 MOKA
937,41 VERDE JADE
938,42 AVELLANA
939,42 VERDE MENTA
940,43 CHOCOLATE CLARO
941,43 PALE
942,44 PINKIE
943,45 GRIS
944,45 PEACH NUDE
945,46 CREPE
946,46 ROSA BARBIE
947,47 IRON
948,48 KOALA
949,49 DORADO
950,5 EN 1
951,50 PLATA
952,51 VINO
953,52 SKIN
954,53 SKIN SHINE
955,53 TERRACOTA
956,54 BLANCO HUESO
957,55 BLANCO OSTION
958,56 UVA MANDALA
959,57 BEIGE CREMA
960,58 BILE
961,58 GRIS MERRY
962,59 AZUL NAVY
963,59 CAJETA
964,60 CIRUELA
965,60 FLAMINGO
966,61 BROW LIGHT
967,61 ROJO COMPETENCIA
968,62 AZUL REY
969,62 UVA MANDALA
970,63 AZUL VERDE
971,63 VELVET
972,64 COCONUT
973,64 COCONUT
974,65 CAPUCHINO
975,66 COCOA
976,67 CAROB
977,68 ROSA VIEJO
978,69 ROSA CORAL
979,7 KING COLOR MC
980,70 NARANJA CORAL
981,71 BLANCO ROSA
982,72 BLANCO GRIS
983,73 BUGAMBILIA
984,74 BUBLEGUM
985,75 PERLA
986,87 NARANJA OTOÑO
987,KISS ME ROJO 1OZ
988,KISS ME DORADO
989,KISS ME ROSE GOLD
990,ACRILICO ROSA 1OZ
991,ACRILICO ROSA 2OZ
992,ALICATE MANOS
993,ALICATE PIES FANTASY
994,ALMOD 4OZ
995,ALMOND DARK 2OZ
996,AURORA PINK
997,AURORA PINK FANTASY
998,ACEITE DE CUTICULA
999,ACETADO BARBIE
1000,ACETONA PURA 16OZ
1001,ACETONA PURA 32OZ
1002,ACETONA PURA 8OZ
1003,ACRILICO AURORA BOREAL
1004,ACRILICO AURORA GOLD
1005,ACRILICO AURORA GREEN
1006,ACRILICO AURORA PINK
1007,ACRILICO AURORA PURPLE
1008,ACRILICO BLANCO 1OZ
1009,ACRILICO NATURAL 1OZ
1010,ACRILICO SALON CLEAR
1011,ACTIVGEL 4OZ
1012,ACUARIA AQUA MINT 1OZ
1013,ACUARIA BLACK 1OZ
1014,ACUARIA BLUE
1015,ACUARIA BRONCE 10Z
1016,ACUARIA GOLD 1OZ
1017,ACUARIA GREEN 1OZ
1018,ACUARIA MAGENTA 1OZ
1019,ACUARIA PASTEL PINK
1020,ACUARIA PEARL 1OZ
1021,ACUARIA PURPLE 1OZ
1022,ACUARIA RED 1OZ
1023,ACUARIA ROSE BABY 1OZ
1024,ACUARIA ROSE GOLD
1025,ACUARIA SILVER 1OZ
1026,ACUARIA WHITE 1OZ
1027,ALICATE DELUX
1028,ALICATE PREMIUM
1029,ALMOD EXPRESS SOFT GEL
1030,ALMOND 1 OZ
1031,ALMOND DARK 1 OZ
1032,ALMOND MIX 1 OZ
1033,APLICADORES PARA EFECTOS
1034,BALIN PLATA
1035,BALIN ROSE GOLD MINI
1036,BALIN DORADO MINI
1037,BALIN FOTOSENSIBLE FN
1038,BARBIE COLECCION GEL
1039,BARRILITOS
1040,BARRILITOS BLANCOS MIX
1041,BARRILITOS ROSAS
1042,BASE COAT
1043,BASE TRASLUCIDA 07
1044,BASE TRASLUCIDA CANDY 04
1045,BASE TRASLUCIDA MILK 08
1046,BASE TRASLUCIDA SKIN
1047,BELLA COLECCION
1048,BUFFER CUADRADA
1049,BUFFER SPONGE 100/180
1050,BLEDO FANTASY
1051,BLOOMING FANTASY
1052,BRATS COLECCION
1053,BROW 1OZ
1054,BROW 2OZ
1055,CAPUCCINO 2OZ
1056,CARACOLA MAR
1057,CARIÑOSITOS
1058,CARNAVAL COLECCION GEL
1059,CASCA NUECES GEL GAMA
1060,CAT EYE COLECCION GEL
1061,CAT VITRAL COLECCION
1062,CINTA DOBLE CARA
1063,CLEAR GASAS
1064,CLEAR SALON 4OZ
1065,HOJA DE ORO COBRE
1066,COLLECTION AFRODITA
1067,CORTA UÑAS ROSAS
1068,COSMIC COLECCION
1069,COVER ALMOND 2OZ
1070,COVER PETAL SHINE 2OZ
1071,COVER PINK 2OZ
1072,COVER PINK 1OZ
1073,COWBOY CRISTAL
1074,COWBOY NAILS TIPS
1075,CRAZY DUST COLECCION
1076,CRISTAL 2OZ
1077,CRISTALES MIX
1078,CRISTALES FANTASY
1079,CRYSTAL GLUE 30G
1080,CAMPOS COLORES VARIOS
1081,CAPUCCINO 1OZ
1082,CARRUCEL MAR
1083,CHESTNUT POLYGEL
1084,CLEAR 1OZ
1085,CLEAR MIX
1086,COCOA POLYGEL
1087,COFFIN XXL
1088,COJIN BESO
1089,COLECCION CREAM ALMOD
1090,COLECCION MONARCA 2
1091,CONCHA NACAR
1092,CONITO
1093,CORTA TIPS
1094,CUBREBOCAS
1095,DARK SKY
1096,DECORACION MAR
1097,DECORACION NAVIDEÑA
1098,DIJE CHERRY
1099,DORADO 49
1100,DRILL GLITTER INALAMBRICO
1101,DULCES BESOS GEL
1102,DARK NUDE POLYGEL
1103,DECORACION DE FLORES 3D COLORES
1104,DECORACION KAWAI
1105,DIAMOND OPAL
1106,DIAMOND ORO
1107,DIJE FLORES
1108,DUAL FORM 288 TIPS
1109,DUSTY ROSE
1110,EFECTO AURORA ARCOIRIS
1111,EFECTO CAMALEON FANTASY
1112,EFECTO ESPEJO PURPLE
1113,EFECTO ESPEJO UNICORNIO
1114,EFECTO UNICORNIO CAMALEON
1115,EFECTO FANTASY VARIOS
1116,ESPONJA DIFUMINADORA
1117,ESTRELLA Y CONCHA DE MAR
1118,EXTRACTOR DE POLVO FANTASY
1120,FINAL WIPE
1121,FLAKES RUBBER
1122,FLOWERS COLECCION
1123,FOIL DORADO
1124,FOIL MULTICOLOR
1125,FOIL PLATA
1126,FOSFORECENTE COLECCION FANTASY
1127,FOTO SENSIBLE PLATA
1128,FRUTITAS OJITOS ENCAPSULAR
1130,FLAKE PASTEL 1OZ
1131,FLASH BACK DORADO NEGRO PLATA
1132,FORMA ESCULTURAL #7 MARIPOSA
1133,FORMAS #12 FANTASY
1134,FOTO SENSIBLE VERDE
1135,FOTO SENSIBLE DORADO
1136,FOTO SENSIBLE MORADO
1137,FOTO SENSIBLE NEGRO
1138,FOTO SENSIBLE AZUL
1139,FOTO SENSIBLE CAFE
1140,FOTO SENSIBLE ROJO
1141,FOTO SENSIBLE ROSA
1142,FOTO SENSIBLE ROSE GOLD
1143,FRUTOS ROJOS
1144,GAMA FROZEN
1145,GASAS LIMPIADORAS NAIL CLEAN
1146,GEL AURORA COBRE GOLD PINK
1147,GEL BLANCO
1148,GEL CAT COPPERY GOLD
1149,GEL CAT EYE RED FANTASY
1150,GEL CAT EYE UNICORNIO
1151,GEL ESPECIAL PARA EFECTOS
1152,GEL GLITTER 204 FANTASY
1153,GEL HOLOGRAFICO 10 RAINBOW GOLD
1154,GEL HOLOGRAFICO FUCSIA 09
1155,GEL LINNER STEEL MIRROR METAL
1156,GEL MOLDING
1157,GEL MOON BLUE
1158,GEL MOON GOLD
1159,GEL MOON GREEN
1160,GEL MOON PINK
1161,GEL MOON PURPLE
1162,GEL PLATA LUMISTIK
1163,GEL PLATIMUN
1164,GEL PLATINUM PINK
1165,GEL REMOLINO 5D BLANCO
1166,GEL SKING SHINE SUELTO
1167,GEL SPAIDER BLANCO
1168,GEL SPAIDER NEGRO
1169,GEL UNICORNIO
1170,GEL WAVE LINER (RELIVES) FANTASY
1171,GLAM STRON PLUS
1172,GLAM STRON-GEL
1173,GLARE GEL FINALIZADOR DE MAXIMO BRILLO
1174,GLITTER GOLD AB
1175,GLITTER NEGRO FANTASY
1176,GLITTER RAIBOW
1177,GLITTER RED
1178,GLITTER ROSE GOLD
1179,GLITTER SAND
1180,GLITTER SILVER
1181,GLITTER SILVER AB
1182,GLOW COLECCION
1183,GUANTES M FANTASY
1184,GUANTES S FANATSY
1185,GUMMY FANTASY
1186,Galaxi Gel
1187,Gama Black Coffee
1188,Gasas Chinas
1189,Gel Base Trasalucida Canela #2
1190,Gel Base Traslucida #4 Candy
1191,Gel Base Traslucida #5 Dusty
1192,Gel Base Traslucida Hollywood
1193,Gel Base Traslucida Natural 03
1194,Gel Base Traslucida Pale
1195,Gel Base Traslucida Peach 06
1196,Gel Base Traslucida Skin 1
1197,Gel Cat Eye Gold
1198,Gel Cat Eye Pink Fantasy
1199,Gel Cat Eye Rose Gold
1200,Gel Cat Eye Rossilver
1201,Gel Cat Eye Silver Fantasy
1202,Gel Cat Eye Space Jupiter Fn
1211,´pusher p12
10,Acetato Corazon Colores Varios
1215,Exfoliante Café
1,10 Rojo Wapizima
1214,Sterimax
1204,Gel Bunny
1217,Acri-Gel
1218,Modelingg Polygell
1229,Gel Platinum
1219,Sanitizer
1220,Gel Form 
1216,Base Rubber
1213,Exfoliante Berry
1212,Exfoliante Shalqui 
1210,Exfoliante en Gel Lima & Limón
1223,Gel Aurora pink
1224,SENS Monómero
1225,Frutos Rojos Cat Eye
1226,Tropical Gummy Cat Eye
1227,Lámpara LED UV 
1228,Lampara sun hr-04 uv/led 248w - pink
1230,Polvo acrílico profesional 
416,Dreams Rubber Gel 1 12ml Mc
367,Borrador De Lineas Mc
