pedido_id,producto_id,producto
1472,1204,Gel Bunny
1472,709,AR017 CREAMY
15,1220,Gel Form 
16,1218,Modelingg Polygell
16,1217,Acri-Gel
17,1220,Gel Form 
17,1219,Sanitizer
18,1217,Acri-Gel
18,1218,Modelingg Polygell
19,1220,Gel Form 
19,1219,Sanitizer
20,1218,Modelingg Polygell
20,1219,Sanitizer
21,1220,Gel Form 
21,1217,Acri-Gel
22,1220,Gel Form 
22,1217,Acri-Gel
1473,400,Coleccion Divina Mc
1473,559,Magic Remover Dreams Mc
1474,1204,Gel Bunny
1475,1204,Gel Bunny
1476,1228,Lampara sun hr-04 uv/led 248w - pink
1477,1228,Lampara sun hr-04 uv/led 248w - pink
1478,1228,Lampara sun hr-04 uv/led 248w - pink
1479,1228,Lampara sun hr-04 uv/led 248w - pink
1480,799,VERDE FLAKE
1481,1228,Lampara sun hr-04 uv/led 248w - pink
1482,1172,GLAM STRON-GEL
1482,353,BOMBA JELLY PERA
1483,1204,Gel Bunny
1484,1204,Gel Bunny
1484,628,Primer Adherente Mc
1485,1204,Gel Bunny
1485,539,MIX 3
1486,1204,Gel Bunny
1486,826,GEL BUILDER
1487,1204,Gel Bunny
1488,3,14 De Febrero Coleccion
1488,268,KD.702
1489,660,Solucion Antiseptica Azul Colorful
1489,1035,BALIN ROSE GOLD MINI
1490,149,180/180 Sweet
1490,660,Solucion Antiseptica Azul Colorful
1490,41,DESHIDRATADOR DE UÑAS WAPI
1490,268,KD.702
1491,857,PLATA
1491,86,MONOMERO PIÑA WAPIZIMA
1491,791,MORADO VIOLETA
1492,110,PETAL PINK WAPIZIMA 28g
1492,1044,BASE TRASLUCIDA CANDY 04
1492,149,180/180 Sweet
1493,406,Colorful Sunlight Monomero 8oz
1493,983,73 BUGAMBILIA
1493,514,LIMA COBA MC 180/180
1493,657,Sal Mineral Rosa Floral
1494,357,Base Gel Novamore
1494,187,GEL PARA PIES CANSADOS (GRANDE) 250 ML
1494,388,COWBOY NATURAL TIP
1495,314,14 BUGAMBILIA GC NAILS
1495,1189,Gel Base Trasalucida Canela #2
1496,1134,FOTO SENSIBLE VERDE
1496,1056,CARACOLA MAR
1496,659,Solucion Antiseptica Amarillo Colorful
1496,357,Base Gel Novamore
1497,959,57 BEIGE CREMA
1497,352,BOMBA JELLY MANGO MC
1498,236,Bullet Rojo
1498,288,P.04
1499,1204,Gel Bunny
1500,1204,Gel Bunny
1500,1001,ACETONA PURA 32OZ
1501,1204,Gel Bunny
1502,1204,Gel Bunny
1503,48,DIOSAS SELENE 1oz
1503,472,GODETE De Porcelana Grande Mc
1503,178,ESPUMA CEREZA 250ML
1503,1204,Gel Bunny
1504,105,Natural Shine
1504,157,Limaton 100/100
1504,357,Base Gel Novamore
1504,9,ALMOND PINK WAPIZIMA 28g
1505,1156,GEL MOLDING
1505,86,MONOMERO PIÑA WAPIZIMA
1505,326,ACRILICO Transparente 1oz Mc
1506,789,AZUL CRAYOLA
1506,9,ALMOND PINK WAPIZIMA 28g
1506,571,Mostrario Cristal
1507,1096,DECORACION MAR
1507,79,LUZ DE LUNA OJO DE GATO
1507,985,75 PERLA
1507,283,NL.202
1508,155,Jelly Citricos 1 Y 2
1508,112,PINK SALMON COVER WAPIZIMA 57g
1508,956,54 BLANCO HUESO
1509,105,Natural Shine
1509,157,Limaton 100/100
1509,1204,Gel Bunny
1510,1172,GLAM STRON-GEL
1510,353,BOMBA JELLY PERA
1510,1204,Gel Bunny
1510,1105,DIAMOND OPAL
1511,65,Glitter Rose Coleccion
1511,768,NARANJA NEON
1511,1204,Gel Bunny
1512,559,Magic Remover Dreams Mc
1512,1175,GLITTER NEGRO FANTASY
1512,400,Coleccion Divina Mc
1513,247,CL.223 5mm
1513,1134,FOTO SENSIBLE VERDE
1513,353,BOMBA JELLY PERA
1513,1204,Gel Bunny
1514,799,VERDE FLAKE
1514,985,75 PERLA
1514,472,GODETE De Porcelana Grande Mc
1515,807,ROSA BRILLANTE
1515,983,73 BUGAMBILIA
1515,1035,BALIN ROSE GOLD MINI
1516,1204,Gel Bunny
1517,1204,Gel Bunny
1518,1204,Gel Bunny
1519,1204,Gel Bunny
1520,1204,Gel Bunny
1521,1079,CRYSTAL GLUE 30G
1521,533,Long Sharp Tips Punta De Lanza Natural
1521,1204,Gel Bunny
1522,1204,Gel Bunny
1523,1204,Gel Bunny
1524,1204,Gel Bunny
1525,1204,Gel Bunny
1526,1204,Gel Bunny
1527,1147,GEL BLANCO
1527,467,GEL FORM ACRILICO EN GEL WHITE
1527,1204,Gel Bunny
1528,1204,Gel Bunny
1529,807,ROSA BRILLANTE
1529,417,Dreams Rubber Gel 5 12ml Mc
1529,202,Mascarilla De Piña Y Kiwi 100gr
2121,1204,Gel Bunny
2122,1204,Gel Bunny
2123,1204,Gel Bunny
2124,1204,Gel Bunny
2125,79,LUZ DE LUNA OJO DE GATO
2125,985,75 PERLA
2125,67,Hoja Extra Fina Dorado
2125,1079,CRYSTAL GLUE 30G
2126,372,CLIP REMOVEDOR DE GEL MARIA CIBELES
2126,748,Pododisco 15mm
2127,141,Vino Wapicolors
2127,791,MORADO VIOLETA
2127,297,PUNTA SILICON GDE NAIL TECH
2127,559,Magic Remover Dreams Mc
2128,1134,FOTO SENSIBLE VERDE
2128,1056,CARACOLA MAR
2129,1204,Gel Bunny
2130,1204,Gel Bunny
2131,763,Witchery Mirror
2132,314,14 BUGAMBILIA GC NAILS
2132,799,VERDE FLAKE
2132,1189,Gel Base Trasalucida Canela #2
2132,857,PLATA
2133,960,58 BILE
2133,355,BOND 2 ADERENTE GC
2134,1204,Gel Bunny
2135,1204,Gel Bunny
2136,1056,CARACOLA MAR
2136,247,CL.223 5mm
2136,1134,FOTO SENSIBLE VERDE
2136,329,Ablandador De Cuticula Mc 4oz
2136,748,Pododisco 15mm
2137,314,14 BUGAMBILIA GC NAILS
2137,1189,Gel Base Trasalucida Canela #2
2137,114,PINK SHINE COVER WAPIZIMA 57g
2137,627,Pinza Recta Decoracion Mc
2138,1105,DIAMOND OPAL
2138,826,GEL BUILDER
2139,1147,GEL BLANCO
2139,283,NL.202
2139,880,07 ROJO LINNER
2139,838,RUBBER FAIREST NUDE
2140,114,PINK SHINE COVER WAPIZIMA 57g
2140,168,Biotina
2141,65,Glitter Rose Coleccion
2141,768,NARANJA NEON
2141,594,PASO 2 JELLY DE MANGO TROPICAL
2142,788,MANDARINA
2142,622,Pincel SUPREME #4 3d Mc
2142,618,Pincel #10 Little Rose
2142,954,53 SKIN SHINE
2142,357,Base Gel Novamore
2143,406,Colorful Sunlight Monomero 8oz
2143,417,Dreams Rubber Gel 5 12ml Mc
2143,466,GEL EN FRIO
2144,660,Solucion Antiseptica Azul Colorful
2145,368,C.36
2146,1204,Gel Bunny
2146,141,Vino Wapicolors
2147,290,P.12
2147,763,Witchery Mirror
2148,1228,Lampara sun hr-04 uv/led 248w - pink
2148,1204,Gel Bunny
2149,1204,Gel Bunny
2149,1228,Lampara sun hr-04 uv/led 248w - pink
2150,1204,Gel Bunny
2151,1204,Gel Bunny
2152,1204,Gel Bunny
2153,1228,Lampara sun hr-04 uv/led 248w - pink
2154,1007,ACRILICO AURORA PURPLE
2154,292,P.14
2155,329,Ablandador De Cuticula Mc 4oz
1530,791,MORADO VIOLETA
1530,297,PUNTA SILICON GDE NAIL TECH
1530,657,Sal Mineral Rosa Floral
1531,662,Solucion Antiseptica Morado Colorful
1531,983,73 BUGAMBILIA
1531,406,Colorful Sunlight Monomero 8oz
1531,807,ROSA BRILLANTE
1532,65,Glitter Rose Coleccion
1532,768,NARANJA NEON
1532,67,Hoja Extra Fina Dorado
1532,326,ACRILICO Transparente 1oz Mc
1533,1228,Lampara sun hr-04 uv/led 248w - pink
1534,227,Spray ANTITRANSPIRANTE Y Antiolor 60 Ml
1534,1228,Lampara sun hr-04 uv/led 248w - pink
1535,1228,Lampara sun hr-04 uv/led 248w - pink
1536,500,JELLY SPA PERA PASO 2
1537,1228,Lampara sun hr-04 uv/led 248w - pink
1538,149,180/180 Sweet
1538,660,Solucion Antiseptica Azul Colorful
1538,1228,Lampara sun hr-04 uv/led 248w - pink
1539,65,Glitter Rose Coleccion
1539,594,PASO 2 JELLY DE MANGO TROPICAL
1539,1228,Lampara sun hr-04 uv/led 248w - pink
1539,325,ACEITE PARA MASAJES MENTA MC
1540,789,AZUL CRAYOLA
1540,9,ALMOND PINK WAPIZIMA 28g
1540,797,FLAKE ROJO
1540,1228,Lampara sun hr-04 uv/led 248w - pink
1541,1228,Lampara sun hr-04 uv/led 248w - pink
1542,1228,Lampara sun hr-04 uv/led 248w - pink
1542,474,Gama E Color Full
1543,1228,Lampara sun hr-04 uv/led 248w - pink
1544,1228,Lampara sun hr-04 uv/led 248w - pink
1545,326,ACRILICO Transparente 1oz Mc
1545,288,P.04
1545,38,Cristal 57gr
1545,1228,Lampara sun hr-04 uv/led 248w - pink
1546,329,Ablandador De Cuticula Mc 4oz
1546,514,LIMA COBA MC 180/180
1546,1192,Gel Base Traslucida Hollywood
1547,1228,Lampara sun hr-04 uv/led 248w - pink
1548,1204,Gel Bunny
1549,1204,Gel Bunny
1550,1204,Gel Bunny
1550,157,Limaton 100/100
1551,1204,Gel Bunny
1551,812,TERRACOTA
1552,799,VERDE FLAKE
1552,1189,Gel Base Trasalucida Canela #2
1552,65,Glitter Rose Coleccion
1553,571,Mostrario Cristal
1553,1045,BASE TRASLUCIDA MILK 08
1554,768,NARANJA NEON
1554,65,Glitter Rose Coleccion
1554,1228,Lampara sun hr-04 uv/led 248w - pink
1554,985,75 PERLA
1555,594,PASO 2 JELLY DE MANGO TROPICAL
1555,65,Glitter Rose Coleccion
1555,709,AR017 CREAMY
1556,472,GODETE De Porcelana Grande Mc
1556,48,DIOSAS SELENE 1oz
1556,178,ESPUMA CEREZA 250ML
1556,1228,Lampara sun hr-04 uv/led 248w - pink
1557,1228,Lampara sun hr-04 uv/led 248w - pink
1558,1228,Lampara sun hr-04 uv/led 248w - pink
1559,1228,Lampara sun hr-04 uv/led 248w - pink
1559,3,14 De Febrero Coleccion
1560,140,Top Coat Tokio
1560,454,FORMA ESCULTURAL (VERDE) CHICA 100 PZAS
1561,236,Bullet Rojo
1562,1228,Lampara sun hr-04 uv/led 248w - pink
1563,1204,Gel Bunny
1564,1204,Gel Bunny
1565,58,GAMA OJO DE GATO DIAMANTE REFLEJANTE
1565,1172,GLAM STRON-GEL
1566,539,MIX 3
1566,466,GEL EN FRIO
1567,153,80/80 Sweet
1567,539,MIX 3
1567,626,Pinza Para Estructura Maria Cibeles
1568,67,Hoja Extra Fina Dorado
1568,733,Germ Klean Manikura
1568,1204,Gel Bunny
1569,1204,Gel Bunny
1570,1204,Gel Bunny
1571,1204,Gel Bunny
1572,1228,Lampara sun hr-04 uv/led 248w - pink
1573,1228,Lampara sun hr-04 uv/led 248w - pink
1574,202,Mascarilla De Piña Y Kiwi 100gr
1574,1044,BASE TRASLUCIDA CANDY 04
1574,110,PETAL PINK WAPIZIMA 28g
1575,1228,Lampara sun hr-04 uv/led 248w - pink
1576,1228,Lampara sun hr-04 uv/led 248w - pink
1577,1228,Lampara sun hr-04 uv/led 248w - pink
1578,1053,BROW 1OZ
1578,290,P.12
1578,763,Witchery Mirror
1579,1147,GEL BLANCO
1579,283,NL.202
1580,857,PLATA
1580,660,Solucion Antiseptica Azul Colorful
1581,389,Carving Building Gel Latte Gel Solido
1581,838,RUBBER FAIREST NUDE
1581,466,GEL EN FRIO
1582,135,Sany Spary Rose 240ml
1582,940,43 CHOCOLATE CLARO
1582,500,JELLY SPA PERA PASO 2
1583,388,COWBOY NATURAL TIP
1583,58,GAMA OJO DE GATO DIAMANTE REFLEJANTE
1584,140,Top Coat Tokio
1584,454,FORMA ESCULTURAL (VERDE) CHICA 100 PZAS
1584,240,C.07
1584,497,Iliminous Top Gel 12ml Mc
1585,1228,Lampara sun hr-04 uv/led 248w - pink
1586,1228,Lampara sun hr-04 uv/led 248w - pink
1586,368,C.36
1587,1228,Lampara sun hr-04 uv/led 248w - pink
1588,329,Ablandador De Cuticula Mc 4oz
1588,355,BOND 2 ADERENTE GC
1588,1228,Lampara sun hr-04 uv/led 248w - pink
1589,268,KD.702
1589,157,Limaton 100/100
1590,985,75 PERLA
1590,79,LUZ DE LUNA OJO DE GATO
1591,604,PINCEL 3D 2 MC
1591,15,Atenea Diosas Coleccion
1591,86,MONOMERO PIÑA WAPIZIMA
1592,1073,COWBOY CRISTAL
1592,659,Solucion Antiseptica Amarillo Colorful
1592,417,Dreams Rubber Gel 5 12ml Mc
1592,15,Atenea Diosas Coleccion
1593,763,Witchery Mirror
1593,1053,BROW 1OZ
1594,856,01 NEGRO LINNER
1594,3,14 De Febrero Coleccion
1594,268,KD.702
1594,306,T.11
1595,784,ROSA SALMON
1595,1175,GLITTER NEGRO FANTASY
1595,168,Biotina
1596,1204,Gel Bunny
1597,187,GEL PARA PIES CANSADOS (GRANDE) 250 ML
1597,28,COVER ROSE GOLD WAPIZIMA 57g
1597,357,Base Gel Novamore
1597,1204,Gel Bunny
1598,1204,Gel Bunny
1598,500,JELLY SPA PERA PASO 2
1598,161,ACRILICO MEDICADO 1 OZ CRYSTAL O ROSA
1599,38,Cristal 57gr
1599,288,P.04
1599,1147,GEL BLANCO
1599,940,43 CHOCOLATE CLARO
1600,1204,Gel Bunny
1600,1045,BASE TRASLUCIDA MILK 08
1600,355,BOND 2 ADERENTE GC
1601,1204,Gel Bunny
1601,58,GAMA OJO DE GATO DIAMANTE REFLEJANTE
1602,799,VERDE FLAKE
1602,1189,Gel Base Trasalucida Canela #2
1603,1228,Lampara sun hr-04 uv/led 248w - pink
1604,1228,Lampara sun hr-04 uv/led 248w - pink
1605,290,P.12
1605,1053,BROW 1OZ
1605,1228,Lampara sun hr-04 uv/led 248w - pink
1606,1228,Lampara sun hr-04 uv/led 248w - pink
1607,1228,Lampara sun hr-04 uv/led 248w - pink
1608,1228,Lampara sun hr-04 uv/led 248w - pink
1609,67,Hoja Extra Fina Dorado
1609,719,PINCEL ONE STROKE #1
1609,784,ROSA SALMON
1610,659,Solucion Antiseptica Amarillo Colorful
1610,1162,GEL PLATA LUMISTIK
1610,954,53 SKIN SHINE
1611,228,Steribon 1lt
1611,649,SOLUCION CLEAN ANTISEPTICO
1612,733,Germ Klean Manikura
1612,67,Hoja Extra Fina Dorado
1612,719,PINCEL ONE STROKE #1
1613,1228,Lampara sun hr-04 uv/led 248w - pink
1613,733,Germ Klean Manikura
1613,660,Solucion Antiseptica Azul Colorful
1614,778,ROSA BARBIE
1614,826,GEL BUILDER
1615,857,PLATA
1615,500,JELLY SPA PERA PASO 2
1615,579,Ojo De Gato Gc 15
1616,514,LIMA COBA MC 180/180
1616,329,Ablandador De Cuticula Mc 4oz
1616,1228,Lampara sun hr-04 uv/led 248w - pink
1617,1228,Lampara sun hr-04 uv/led 248w - pink
1618,1228,Lampara sun hr-04 uv/led 248w - pink
1619,1228,Lampara sun hr-04 uv/led 248w - pink
1620,1228,Lampara sun hr-04 uv/led 248w - pink
1621,1228,Lampara sun hr-04 uv/led 248w - pink
1622,1228,Lampara sun hr-04 uv/led 248w - pink
1623,1228,Lampara sun hr-04 uv/led 248w - pink
1624,1204,Gel Bunny
1625,1204,Gel Bunny
1626,649,SOLUCION CLEAN ANTISEPTICO
1626,228,Steribon 1lt
1627,659,Solucion Antiseptica Amarillo Colorful
1627,1073,COWBOY CRISTAL
1627,1204,Gel Bunny
1627,784,ROSA SALMON
1628,417,Dreams Rubber Gel 5 12ml Mc
1629,1228,Lampara sun hr-04 uv/led 248w - pink
1629,618,Pincel #10 Little Rose
2155,514,LIMA COBA MC 180/180
2155,1192,Gel Base Traslucida Hollywood
2156,1228,Lampara sun hr-04 uv/led 248w - pink
2157,1228,Lampara sun hr-04 uv/led 248w - pink
2157,178,ESPUMA CEREZA 250ML
2158,472,GODETE De Porcelana Grande Mc
2158,48,DIOSAS SELENE 1oz
2158,178,ESPUMA CEREZA 250ML
2158,1228,Lampara sun hr-04 uv/led 248w - pink
2159,1228,Lampara sun hr-04 uv/led 248w - pink
2160,1204,Gel Bunny
2161,400,Coleccion Divina Mc
2161,28,COVER ROSE GOLD WAPIZIMA 57g
2161,1204,Gel Bunny
2162,1096,DECORACION MAR
2162,79,LUZ DE LUNA OJO DE GATO
2163,290,P.12
2163,1053,BROW 1OZ
2164,79,LUZ DE LUNA OJO DE GATO
2164,1096,DECORACION MAR
2164,985,75 PERLA
2165,1204,Gel Bunny
2166,79,LUZ DE LUNA OJO DE GATO
2166,1096,DECORACION MAR
2166,1204,Gel Bunny
2166,202,Mascarilla De Piña Y Kiwi 100gr
2167,1204,Gel Bunny
2168,1204,Gel Bunny
2169,1204,Gel Bunny
2170,400,Coleccion Divina Mc
2170,1175,GLITTER NEGRO FANTASY
2170,1172,GLAM STRON-GEL
2170,1134,FOTO SENSIBLE VERDE
1630,1228,Lampara sun hr-04 uv/led 248w - pink
1631,1228,Lampara sun hr-04 uv/led 248w - pink
1631,662,Solucion Antiseptica Morado Colorful
1632,202,Mascarilla De Piña Y Kiwi 100gr
1632,110,PETAL PINK WAPIZIMA 28g
1632,325,ACEITE PARA MASAJES MENTA MC
1633,1035,BALIN ROSE GOLD MINI
1633,1228,Lampara sun hr-04 uv/led 248w - pink
1634,1228,Lampara sun hr-04 uv/led 248w - pink
1634,733,Germ Klean Manikura
1635,1228,Lampara sun hr-04 uv/led 248w - pink
1636,1228,Lampara sun hr-04 uv/led 248w - pink
1637,1228,Lampara sun hr-04 uv/led 248w - pink
1638,1228,Lampara sun hr-04 uv/led 248w - pink
1638,391,Cepillo Doble Amarillo
1639,1228,Lampara sun hr-04 uv/led 248w - pink
1639,1134,FOTO SENSIBLE VERDE
1640,1228,Lampara sun hr-04 uv/led 248w - pink
1641,1073,COWBOY CRISTAL
1641,659,Solucion Antiseptica Amarillo Colorful
1642,140,Top Coat Tokio
1642,240,C.07
1642,507,Kit Mini Mc Manicura/Pedicure (varios)
1642,559,Magic Remover Dreams Mc
1643,1056,CARACOLA MAR
1643,1134,FOTO SENSIBLE VERDE
1643,388,COWBOY NATURAL TIP
1643,1172,GLAM STRON-GEL
1644,1204,Gel Bunny
1644,240,C.07
1645,1204,Gel Bunny
1646,1204,Gel Bunny
1647,1204,Gel Bunny
1648,1204,Gel Bunny
1648,454,FORMA ESCULTURAL (VERDE) CHICA 100 PZAS
1649,1204,Gel Bunny
1650,1204,Gel Bunny
1651,86,MONOMERO PIÑA WAPIZIMA
1651,604,PINCEL 3D 2 MC
1651,880,07 ROJO LINNER
1651,454,FORMA ESCULTURAL (VERDE) CHICA 100 PZAS
1652,536,MANO DE PRACTICA Con Y Sin Uñas
1652,1073,COWBOY CRISTAL
1652,168,Biotina
1653,292,P.14
1653,235,Bola Roja
1653,1007,ACRILICO AURORA PURPLE
1653,628,Primer Adherente Mc
1654,1204,Gel Bunny
1655,1204,Gel Bunny
1656,28,COVER ROSE GOLD WAPIZIMA 57g
1656,187,GEL PARA PIES CANSADOS (GRANDE) 250 ML
1656,357,Base Gel Novamore
1656,391,Cepillo Doble Amarillo
1656,1192,Gel Base Traslucida Hollywood
1657,79,LUZ DE LUNA OJO DE GATO
1657,292,P.14
1657,1056,CARACOLA MAR
1658,514,LIMA COBA MC 180/180
1658,1192,Gel Base Traslucida Hollywood
1658,329,Ablandador De Cuticula Mc 4oz
1658,1204,Gel Bunny
1659,1204,Gel Bunny
1660,629,Primer Adherente Sin Acido (Cuore Bond)
1660,812,TERRACOTA
1660,1204,Gel Bunny
1661,1228,Lampara sun hr-04 uv/led 248w - pink
1662,1228,Lampara sun hr-04 uv/led 248w - pink
1663,1228,Lampara sun hr-04 uv/led 248w - pink
1664,1228,Lampara sun hr-04 uv/led 248w - pink
1664,28,COVER ROSE GOLD WAPIZIMA 57g
1665,1228,Lampara sun hr-04 uv/led 248w - pink
1666,1228,Lampara sun hr-04 uv/led 248w - pink
1667,1228,Lampara sun hr-04 uv/led 248w - pink
1668,1228,Lampara sun hr-04 uv/led 248w - pink
1669,856,01 NEGRO LINNER
1669,3,14 De Febrero Coleccion
1670,1228,Lampara sun hr-04 uv/led 248w - pink
1671,406,Colorful Sunlight Monomero 8oz
1671,662,Solucion Antiseptica Morado Colorful
1672,235,Bola Roja
1673,221,Sales Minerales De Limon 1kg
1673,1156,GEL MOLDING
1673,536,MANO DE PRACTICA Con Y Sin Uñas
1673,797,FLAKE ROJO
1674,657,Sal Mineral Rosa Floral
1675,297,PUNTA SILICON GDE NAIL TECH
1675,1228,Lampara sun hr-04 uv/led 248w - pink
1675,110,PETAL PINK WAPIZIMA 28g
1676,1228,Lampara sun hr-04 uv/led 248w - pink
1677,1035,BALIN ROSE GOLD MINI
1677,149,180/180 Sweet
1677,660,Solucion Antiseptica Azul Colorful
1677,1228,Lampara sun hr-04 uv/led 248w - pink
1677,314,14 BUGAMBILIA GC NAILS
1678,1228,Lampara sun hr-04 uv/led 248w - pink
1679,329,Ablandador De Cuticula Mc 4oz
1680,268,KD.702
1680,856,01 NEGRO LINNER
1681,1228,Lampara sun hr-04 uv/led 248w - pink
1682,400,Coleccion Divina Mc
1682,1175,GLITTER NEGRO FANTASY
1683,1204,Gel Bunny
1684,1162,GEL PLATA LUMISTIK
1684,834,HELLO BLING UP VOL1
1684,533,Long Sharp Tips Punta De Lanza Natural
1685,400,Coleccion Divina Mc
1685,1175,GLITTER NEGRO FANTASY
1686,1056,CARACOLA MAR
1686,247,CL.223 5mm
1686,1134,FOTO SENSIBLE VERDE
1686,140,Top Coat Tokio
1687,389,Carving Building Gel Latte Gel Solido
1687,838,RUBBER FAIREST NUDE
1688,574,NATURALEZA MUERTA VARIOS COLORES
1688,626,Pinza Para Estructura Maria Cibeles
1688,1172,GLAM STRON-GEL
1688,472,GODETE De Porcelana Grande Mc
1689,1228,Lampara sun hr-04 uv/led 248w - pink
1690,1228,Lampara sun hr-04 uv/led 248w - pink
1690,9,ALMOND PINK WAPIZIMA 28g
1691,1228,Lampara sun hr-04 uv/led 248w - pink
1692,1228,Lampara sun hr-04 uv/led 248w - pink
1693,1228,Lampara sun hr-04 uv/led 248w - pink
1694,290,P.12
1694,763,Witchery Mirror
1694,1053,BROW 1OZ
1694,1204,Gel Bunny
1695,797,FLAKE ROJO
1695,9,ALMOND PINK WAPIZIMA 28g
1695,1204,Gel Bunny
1696,1204,Gel Bunny
1697,649,SOLUCION CLEAN ANTISEPTICO
1697,228,Steribon 1lt
1698,1175,GLITTER NEGRO FANTASY
1698,400,Coleccion Divina Mc
1699,657,Sal Mineral Rosa Floral
1699,417,Dreams Rubber Gel 5 12ml Mc
1699,807,ROSA BRILLANTE
1699,38,Cristal 57gr
1699,28,COVER ROSE GOLD WAPIZIMA 57g
1700,1043,BASE TRASLUCIDA 07
1700,857,PLATA
1700,500,JELLY SPA PERA PASO 2
1700,629,Primer Adherente Sin Acido (Cuore Bond)
1700,748,Pododisco 15mm
1701,960,58 BILE
1701,372,CLIP REMOVEDOR DE GEL MARIA CIBELES
1701,748,Pododisco 15mm
1701,157,Limaton 100/100
1701,789,AZUL CRAYOLA
1702,784,ROSA SALMON
1702,114,PINK SHINE COVER WAPIZIMA 57g
1702,290,P.12
1703,1228,Lampara sun hr-04 uv/led 248w - pink
1704,1228,Lampara sun hr-04 uv/led 248w - pink
1705,1204,Gel Bunny
1706,1204,Gel Bunny
1707,1204,Gel Bunny
1708,1204,Gel Bunny
1708,466,GEL EN FRIO
1709,1204,Gel Bunny
1710,1204,Gel Bunny
1711,1204,Gel Bunny
1712,353,BOMBA JELLY PERA
1712,1172,GLAM STRON-GEL
1712,58,GAMA OJO DE GATO DIAMANTE REFLEJANTE
1713,1204,Gel Bunny
1714,1204,Gel Bunny
1715,1204,Gel Bunny
1715,168,Biotina
1715,629,Primer Adherente Sin Acido (Cuore Bond)
1716,292,P.14
1716,235,Bola Roja
1716,1007,ACRILICO AURORA PURPLE
1716,1204,Gel Bunny
1716,791,MORADO VIOLETA
1717,856,01 NEGRO LINNER
1717,3,14 De Febrero Coleccion
1717,268,KD.702
1718,536,MANO DE PRACTICA Con Y Sin Uñas
1718,659,Solucion Antiseptica Amarillo Colorful
1718,956,54 BLANCO HUESO
1719,135,Sany Spary Rose 240ml
1719,822,UVA
1719,940,43 CHOCOLATE CLARO
1719,1204,Gel Bunny
1720,1204,Gel Bunny
1720,594,PASO 2 JELLY DE MANGO TROPICAL
1721,1204,Gel Bunny
1722,1228,Lampara sun hr-04 uv/led 248w - pink
1723,1228,Lampara sun hr-04 uv/led 248w - pink
1724,1228,Lampara sun hr-04 uv/led 248w - pink
1724,155,Jelly Citricos 1 Y 2
1724,791,MORADO VIOLETA
1725,48,DIOSAS SELENE 1oz
1725,472,GODETE De Porcelana Grande Mc
1725,178,ESPUMA CEREZA 250ML
1725,1228,Lampara sun hr-04 uv/led 248w - pink
1726,1228,Lampara sun hr-04 uv/led 248w - pink
1726,202,Mascarilla De Piña Y Kiwi 100gr
1727,1228,Lampara sun hr-04 uv/led 248w - pink
1728,1228,Lampara sun hr-04 uv/led 248w - pink
2171,940,43 CHOCOLATE CLARO
2171,822,UVA
2171,135,Sany Spary Rose 240ml
2171,832,HELLO DOLL
2172,628,Primer Adherente Mc
2172,161,ACRILICO MEDICADO 1 OZ CRYSTAL O ROSA
2172,290,P.12
1466,1181,GLITTER SILVER AB
2172,454,FORMA ESCULTURAL (VERDE) CHICA 100 PZAS
2173,539,MIX 3
2173,325,ACEITE PARA MASAJES MENTA MC
2173,466,GEL EN FRIO
2174,604,PINCEL 3D 2 MC
2174,86,MONOMERO PIÑA WAPIZIMA
2174,1079,CRYSTAL GLUE 30G
2174,1228,Lampara sun hr-04 uv/led 248w - pink
2175,3,14 De Febrero Coleccion
2175,268,KD.702
2176,660,Solucion Antiseptica Azul Colorful
2176,1035,BALIN ROSE GOLD MINI
2177,1228,Lampara sun hr-04 uv/led 248w - pink
2178,1204,Gel Bunny
2178,1228,Lampara sun hr-04 uv/led 248w - pink
2179,1228,Lampara sun hr-04 uv/led 248w - pink
2179,1204,Gel Bunny
2180,1204,Gel Bunny
2181,406,Colorful Sunlight Monomero 8oz
2181,983,73 BUGAMBILIA
2181,1204,Gel Bunny
2182,1204,Gel Bunny
2183,807,ROSA BRILLANTE
2183,657,Sal Mineral Rosa Floral
2184,1204,Gel Bunny
2185,1204,Gel Bunny
2186,1204,Gel Bunny
2187,1204,Gel Bunny
2188,880,07 ROJO LINNER
1729,474,Gama E Color Full
1729,3,14 De Febrero Coleccion
1729,235,Bola Roja
1730,1228,Lampara sun hr-04 uv/led 248w - pink
1730,1192,Gel Base Traslucida Hollywood
1731,1204,Gel Bunny
1731,1228,Lampara sun hr-04 uv/led 248w - pink
1732,1228,Lampara sun hr-04 uv/led 248w - pink
1732,157,Limaton 100/100
1733,1204,Gel Bunny
1734,1204,Gel Bunny
1734,1228,Lampara sun hr-04 uv/led 248w - pink
1735,235,Bola Roja
1735,1007,ACRILICO AURORA PURPLE
1735,1204,Gel Bunny
1736,1204,Gel Bunny
1737,1204,Gel Bunny
1738,1228,Lampara sun hr-04 uv/led 248w - pink
1739,1228,Lampara sun hr-04 uv/led 248w - pink
1740,1228,Lampara sun hr-04 uv/led 248w - pink
1740,1204,Gel Bunny
1741,1228,Lampara sun hr-04 uv/led 248w - pink
1742,1204,Gel Bunny
1743,1228,Lampara sun hr-04 uv/led 248w - pink
1744,1204,Gel Bunny
1744,1228,Lampara sun hr-04 uv/led 248w - pink
1745,1228,Lampara sun hr-04 uv/led 248w - pink
1745,574,NATURALEZA MUERTA VARIOS COLORES
1746,1228,Lampara sun hr-04 uv/led 248w - pink
1747,1228,Lampara sun hr-04 uv/led 248w - pink
1748,1228,Lampara sun hr-04 uv/led 248w - pink
1749,135,Sany Spary Rose 240ml
1749,940,43 CHOCOLATE CLARO
1749,1228,Lampara sun hr-04 uv/led 248w - pink
1750,822,UVA
1750,940,43 CHOCOLATE CLARO
1750,1228,Lampara sun hr-04 uv/led 248w - pink
1751,1228,Lampara sun hr-04 uv/led 248w - pink
1752,1204,Gel Bunny
1753,1204,Gel Bunny
1753,1044,BASE TRASLUCIDA CANDY 04
1754,1204,Gel Bunny
1755,157,Limaton 100/100
1755,105,Natural Shine
1755,1204,Gel Bunny
1756,1204,Gel Bunny
1757,1204,Gel Bunny
1757,86,MONOMERO PIÑA WAPIZIMA
1758,960,58 BILE
1758,372,CLIP REMOVEDOR DE GEL MARIA CIBELES
1758,314,14 BUGAMBILIA GC NAILS
1758,719,PINCEL ONE STROKE #1
1759,372,CLIP REMOVEDOR DE GEL MARIA CIBELES
1759,221,Sales Minerales De Limon 1kg
1760,500,JELLY SPA PERA PASO 2
1760,857,PLATA
1760,628,Primer Adherente Mc
1761,799,VERDE FLAKE
1761,784,ROSA SALMON
1762,372,CLIP REMOVEDOR DE GEL MARIA CIBELES
1762,748,Pododisco 15mm
1762,960,58 BILE
1763,154,Jelly Cherry Pop 1 y 2
1763,826,GEL BUILDER
1763,79,LUZ DE LUNA OJO DE GATO
1764,135,Sany Spary Rose 240ml
1764,822,UVA
1764,940,43 CHOCOLATE CLARO
1765,605,PINCEL Mc Lainer #1
1765,834,HELLO BLING UP VOL1
1766,1228,Lampara sun hr-04 uv/led 248w - pink
1767,1228,Lampara sun hr-04 uv/led 248w - pink
1768,1228,Lampara sun hr-04 uv/led 248w - pink
1769,1228,Lampara sun hr-04 uv/led 248w - pink
1770,834,HELLO BLING UP VOL1
1770,605,PINCEL Mc Lainer #1
1770,1162,GEL PLATA LUMISTIK
1771,1228,Lampara sun hr-04 uv/led 248w - pink
1772,418,Dreams Rubber Gel 7 12ml Mc
1772,140,Top Coat Tokio
1773,1228,Lampara sun hr-04 uv/led 248w - pink
1774,797,FLAKE ROJO
1774,789,AZUL CRAYOLA
1774,79,LUZ DE LUNA OJO DE GATO
1774,306,T.11
1775,1056,CARACOLA MAR
1775,67,Hoja Extra Fina Dorado
1466,4,150/150 Wapizima
1776,472,GODETE De Porcelana Grande Mc
1776,48,DIOSAS SELENE 1oz
1776,454,FORMA ESCULTURAL (VERDE) CHICA 100 PZAS
1777,571,Mostrario Cristal
1777,533,Long Sharp Tips Punta De Lanza Natural
1777,595,PASO 2 JELLY FRESA
1778,838,RUBBER FAIREST NUDE
1778,352,BOMBA JELLY MANGO MC
1779,1204,Gel Bunny
1780,571,Mostrario Cristal
1780,1045,BASE TRASLUCIDA MILK 08
1780,1204,Gel Bunny
1781,65,Glitter Rose Coleccion
1781,594,PASO 2 JELLY DE MANGO TROPICAL
1781,15,Atenea Diosas Coleccion
1782,1204,Gel Bunny
1782,15,Atenea Diosas Coleccion
1783,1228,Lampara sun hr-04 uv/led 248w - pink
1783,355,BOND 2 ADERENTE GC
1784,1228,Lampara sun hr-04 uv/led 248w - pink
1785,838,RUBBER FAIREST NUDE
1785,389,Carving Building Gel Latte Gel Solido
1786,1204,Gel Bunny
1786,1228,Lampara sun hr-04 uv/led 248w - pink
1787,1228,Lampara sun hr-04 uv/led 248w - pink
1787,1204,Gel Bunny
1788,1228,Lampara sun hr-04 uv/led 248w - pink
1789,1228,Lampara sun hr-04 uv/led 248w - pink
1790,514,LIMA COBA MC 180/180
1791,1228,Lampara sun hr-04 uv/led 248w - pink
1792,1228,Lampara sun hr-04 uv/led 248w - pink
1793,622,Pincel SUPREME #4 3d Mc
1793,618,Pincel #10 Little Rose
1793,1228,Lampara sun hr-04 uv/led 248w - pink
1793,604,PINCEL 3D 2 MC
1794,500,JELLY SPA PERA PASO 2
1795,236,Bullet Rojo
1795,812,TERRACOTA
1796,236,Bullet Rojo
1796,417,Dreams Rubber Gel 5 12ml Mc
1796,857,PLATA
1797,391,Cepillo Doble Amarillo
1797,595,PASO 2 JELLY FRESA
1797,77,LIPSTIC IVETTE COVER WAPIZIMA 1oz
1798,1204,Gel Bunny
1798,500,JELLY SPA PERA PASO 2
1799,1204,Gel Bunny
1800,1204,Gel Bunny
1801,1204,Gel Bunny
1802,141,Vino Wapicolors
1803,1204,Gel Bunny
1804,1204,Gel Bunny
1805,629,Primer Adherente Sin Acido (Cuore Bond)
1805,406,Colorful Sunlight Monomero 8oz
1806,391,Cepillo Doble Amarillo
1807,1228,Lampara sun hr-04 uv/led 248w - pink
1808,1228,Lampara sun hr-04 uv/led 248w - pink
1809,157,Limaton 100/100
1810,1228,Lampara sun hr-04 uv/led 248w - pink
1811,604,PINCEL 3D 2 MC
1811,86,MONOMERO PIÑA WAPIZIMA
1812,1204,Gel Bunny
1813,1204,Gel Bunny
1814,605,PINCEL Mc Lainer #1
1814,834,HELLO BLING UP VOL1
1815,247,CL.223 5mm
1815,1056,CARACOLA MAR
1815,1134,FOTO SENSIBLE VERDE
1815,1204,Gel Bunny
1816,1204,Gel Bunny
1817,1204,Gel Bunny
1818,1204,Gel Bunny
1819,1204,Gel Bunny
1820,1204,Gel Bunny
1821,3,14 De Febrero Coleccion
1822,956,54 BLANCO HUESO
1822,112,PINK SALMON COVER WAPIZIMA 57g
1822,1204,Gel Bunny
1823,154,Jelly Cherry Pop 1 y 2
1823,595,PASO 2 JELLY FRESA
1823,391,Cepillo Doble Amarillo
1823,389,Carving Building Gel Latte Gel Solido
1824,628,Primer Adherente Mc
1824,161,ACRILICO MEDICADO 1 OZ CRYSTAL O ROSA
1824,627,Pinza Recta Decoracion Mc
1824,1001,ACETONA PURA 32OZ
1824,822,UVA
1825,622,Pincel SUPREME #4 3d Mc
1825,788,MANDARINA
1825,618,Pincel #10 Little Rose
1826,1105,DIAMOND OPAL
1827,389,Carving Building Gel Latte Gel Solido
1827,838,RUBBER FAIREST NUDE
1827,832,HELLO DOLL
1827,1204,Gel Bunny
2189,1204,Gel Bunny
2190,1228,Lampara sun hr-04 uv/led 248w - pink
2191,1228,Lampara sun hr-04 uv/led 248w - pink
2192,1228,Lampara sun hr-04 uv/led 248w - pink
2193,1228,Lampara sun hr-04 uv/led 248w - pink
2194,48,DIOSAS SELENE 1oz
2194,472,GODETE De Porcelana Grande Mc
2194,178,ESPUMA CEREZA 250ML
2194,1204,Gel Bunny
2195,135,Sany Spary Rose 240ml
2195,822,UVA
2195,940,43 CHOCOLATE CLARO
2195,1204,Gel Bunny
2196,1156,GEL MOLDING
2196,86,MONOMERO PIÑA WAPIZIMA
2196,326,ACRILICO Transparente 1oz Mc
2197,789,AZUL CRAYOLA
2197,9,ALMOND PINK WAPIZIMA 28g
2197,571,Mostrario Cristal
2198,1096,DECORACION MAR
2198,79,LUZ DE LUNA OJO DE GATO
2198,985,75 PERLA
2198,283,NL.202
2199,155,Jelly Citricos 1 Y 2
2199,112,PINK SALMON COVER WAPIZIMA 57g
2199,956,54 BLANCO HUESO
2200,105,Natural Shine
1466,27,COVER ROSE GOLD WAPIZIMA 28g
2200,157,Limaton 100/100
2200,1228,Lampara sun hr-04 uv/led 248w - pink
2201,1172,GLAM STRON-GEL
2201,353,BOMBA JELLY PERA
2201,1228,Lampara sun hr-04 uv/led 248w - pink
2201,1105,DIAMOND OPAL
2202,65,Glitter Rose Coleccion
2202,768,NARANJA NEON
2202,1228,Lampara sun hr-04 uv/led 248w - pink
2203,1228,Lampara sun hr-04 uv/led 248w - pink
2204,1228,Lampara sun hr-04 uv/led 248w - pink
2204,247,CL.223 5mm
2205,1228,Lampara sun hr-04 uv/led 248w - pink
2206,1228,Lampara sun hr-04 uv/led 248w - pink
2207,1204,Gel Bunny
2208,1204,Gel Bunny
2209,618,Pincel #10 Little Rose
2209,1204,Gel Bunny
2210,1079,CRYSTAL GLUE 30G
2210,497,Iliminous Top Gel 12ml Mc
2211,1204,Gel Bunny
2212,1204,Gel Bunny
2213,1204,Gel Bunny
2214,1228,Lampara sun hr-04 uv/led 248w - pink
2214,1192,Gel Base Traslucida Hollywood
2215,355,BOND 2 ADERENTE GC
2215,574,NATURALEZA MUERTA VARIOS COLORES
2215,1228,Lampara sun hr-04 uv/led 248w - pink
2216,1228,Lampara sun hr-04 uv/led 248w - pink
1828,1204,Gel Bunny
1829,1204,Gel Bunny
1829,626,Pinza Para Estructura Maria Cibeles
1830,466,GEL EN FRIO
1830,1204,Gel Bunny
1831,1228,Lampara sun hr-04 uv/led 248w - pink
1831,533,Long Sharp Tips Punta De Lanza Natural
1831,740,Mandil Manikura Vinil
1832,856,01 NEGRO LINNER
1833,1228,Lampara sun hr-04 uv/led 248w - pink
1834,1228,Lampara sun hr-04 uv/led 248w - pink
1835,1228,Lampara sun hr-04 uv/led 248w - pink
1835,826,GEL BUILDER
1836,1096,DECORACION MAR
1836,985,75 PERLA
1836,1228,Lampara sun hr-04 uv/led 248w - pink
1837,1228,Lampara sun hr-04 uv/led 248w - pink
1837,507,Kit Mini Mc Manicura/Pedicure (varios)
1838,1228,Lampara sun hr-04 uv/led 248w - pink
1839,1228,Lampara sun hr-04 uv/led 248w - pink
1840,1228,Lampara sun hr-04 uv/led 248w - pink
1840,155,Jelly Citricos 1 Y 2
1841,1228,Lampara sun hr-04 uv/led 248w - pink
1842,1228,Lampara sun hr-04 uv/led 248w - pink
1843,1228,Lampara sun hr-04 uv/led 248w - pink
1843,605,PINCEL Mc Lainer #1
1843,400,Coleccion Divina Mc
1844,202,Mascarilla De Piña Y Kiwi 100gr
1844,110,PETAL PINK WAPIZIMA 28g
1845,79,LUZ DE LUNA OJO DE GATO
1845,1096,DECORACION MAR
1845,960,58 BILE
1845,474,Gama E Color Full
1846,778,ROSA BARBIE
1846,1105,DIAMOND OPAL
1846,826,GEL BUILDER
1847,1001,ACETONA PURA 32OZ
1847,474,Gama E Color Full
1847,391,Cepillo Doble Amarillo
1848,1204,Gel Bunny
1849,660,Solucion Antiseptica Azul Colorful
1849,149,180/180 Sweet
1849,353,BOMBA JELLY PERA
1850,784,ROSA SALMON
1850,168,Biotina
1851,1228,Lampara sun hr-04 uv/led 248w - pink
1852,1204,Gel Bunny
1852,168,Biotina
1852,467,GEL FORM ACRILICO EN GEL WHITE
1853,1228,Lampara sun hr-04 uv/led 248w - pink
1854,1228,Lampara sun hr-04 uv/led 248w - pink
1855,1228,Lampara sun hr-04 uv/led 248w - pink
1856,1228,Lampara sun hr-04 uv/led 248w - pink
1857,1228,Lampara sun hr-04 uv/led 248w - pink
1857,236,Bullet Rojo
1858,1228,Lampara sun hr-04 uv/led 248w - pink
1859,1228,Lampara sun hr-04 uv/led 248w - pink
1860,1204,Gel Bunny
1861,1204,Gel Bunny
1862,1204,Gel Bunny
1863,1204,Gel Bunny
1864,1204,Gel Bunny
1865,1204,Gel Bunny
1866,807,ROSA BRILLANTE
1866,417,Dreams Rubber Gel 5 12ml Mc
1866,604,PINCEL 3D 2 MC
1867,65,Glitter Rose Coleccion
1868,1001,ACETONA PURA 32OZ
1868,474,Gama E Color Full
1868,1204,Gel Bunny
1868,719,PINCEL ONE STROKE #1
1869,595,PASO 2 JELLY FRESA
1869,391,Cepillo Doble Amarillo
1870,1204,Gel Bunny
1871,1204,Gel Bunny
1872,1204,Gel Bunny
1873,326,ACRILICO Transparente 1oz Mc
1873,288,P.04
1873,1204,Gel Bunny
1874,1204,Gel Bunny
1875,789,AZUL CRAYOLA
1875,797,FLAKE ROJO
1876,1228,Lampara sun hr-04 uv/led 248w - pink
1877,1228,Lampara sun hr-04 uv/led 248w - pink
1878,1228,Lampara sun hr-04 uv/led 248w - pink
1879,1228,Lampara sun hr-04 uv/led 248w - pink
1880,1228,Lampara sun hr-04 uv/led 248w - pink
1466,58,GAMA OJO DE GATO DIAMANTE REFLEJANTE
1881,1228,Lampara sun hr-04 uv/led 248w - pink
1882,1228,Lampara sun hr-04 uv/led 248w - pink
1882,1055,CAPUCCINO 2OZ
1883,474,Gama E Color Full
1883,709,AR017 CREAMY
1883,326,ACRILICO Transparente 1oz Mc
1884,112,PINK SALMON COVER WAPIZIMA 57g
1885,627,Pinza Recta Decoracion Mc
1885,352,BOMBA JELLY MANGO MC
1885,15,Atenea Diosas Coleccion
1886,733,Germ Klean Manikura
1886,719,PINCEL ONE STROKE #1
1886,1001,ACETONA PURA 32OZ
1887,389,Carving Building Gel Latte Gel Solido
1887,838,RUBBER FAIREST NUDE
1887,832,HELLO DOLL
1887,579,Ojo De Gato Gc 15
1888,657,Sal Mineral Rosa Floral
1888,417,Dreams Rubber Gel 5 12ml Mc
1889,956,54 BLANCO HUESO
1890,9,ALMOND PINK WAPIZIMA 28g
1890,789,AZUL CRAYOLA
1890,355,BOND 2 ADERENTE GC
1890,391,Cepillo Doble Amarillo
1891,733,Germ Klean Manikura
1891,719,PINCEL ONE STROKE #1
1891,466,GEL EN FRIO
1891,77,LIPSTIC IVETTE COVER WAPIZIMA 1oz
1892,1228,Lampara sun hr-04 uv/led 248w - pink
1893,1228,Lampara sun hr-04 uv/led 248w - pink
1893,533,Long Sharp Tips Punta De Lanza Natural
1894,1147,GEL BLANCO
1894,467,GEL FORM ACRILICO EN GEL WHITE
1894,1228,Lampara sun hr-04 uv/led 248w - pink
1895,1228,Lampara sun hr-04 uv/led 248w - pink
1896,791,MORADO VIOLETA
1896,297,PUNTA SILICON GDE NAIL TECH
1896,539,MIX 3
1897,507,Kit Mini Mc Manicura/Pedicure (varios)
1897,649,SOLUCION CLEAN ANTISEPTICO
1897,1228,Lampara sun hr-04 uv/led 248w - pink
1897,41,DESHIDRATADOR DE UÑAS WAPI
1898,1228,Lampara sun hr-04 uv/led 248w - pink
1898,834,HELLO BLING UP VOL1
1898,1035,BALIN ROSE GOLD MINI
1899,533,Long Sharp Tips Punta De Lanza Natural
1899,1079,CRYSTAL GLUE 30G
1900,733,Germ Klean Manikura
1900,67,Hoja Extra Fina Dorado
1900,719,PINCEL ONE STROKE #1
1900,763,Witchery Mirror
1901,1043,BASE TRASLUCIDA 07
1902,355,BOND 2 ADERENTE GC
1902,474,Gama E Color Full
1903,202,Mascarilla De Piña Y Kiwi 100gr
1903,1044,BASE TRASLUCIDA CANDY 04
1903,288,P.04
1904,306,T.11
1904,153,80/80 Sweet
1905,605,PINCEL Mc Lainer #1
1906,649,SOLUCION CLEAN ANTISEPTICO
1906,228,Steribon 1lt
1906,140,Top Coat Tokio
1907,954,53 SKIN SHINE
1908,326,ACRILICO Transparente 1oz Mc
1908,288,P.04
1908,38,Cristal 57gr
1908,629,Primer Adherente Sin Acido (Cuore Bond)
1908,114,PINK SHINE COVER WAPIZIMA 57g
1909,1204,Gel Bunny
1909,1001,ACETONA PURA 32OZ
1910,1204,Gel Bunny
1911,1204,Gel Bunny
1912,1204,Gel Bunny
1913,1204,Gel Bunny
1913,748,Pododisco 15mm
1914,1204,Gel Bunny
1915,1204,Gel Bunny
1916,1204,Gel Bunny
1917,1204,Gel Bunny
1917,834,HELLO BLING UP VOL1
1918,235,Bola Roja
1918,1007,ACRILICO AURORA PURPLE
1919,1204,Gel Bunny
1919,462,Forma Gc 100pz
1919,604,PINCEL 3D 2 MC
1920,389,Carving Building Gel Latte Gel Solido
1920,832,HELLO DOLL
1920,709,AR017 CREAMY
1921,297,PUNTA SILICON GDE NAIL TECH
1921,141,Vino Wapicolors
1921,791,MORADO VIOLETA
1922,1204,Gel Bunny
1923,353,BOMBA JELLY PERA
2217,297,PUNTA SILICON GDE NAIL TECH
2217,812,TERRACOTA
2218,58,GAMA OJO DE GATO DIAMANTE REFLEJANTE
2218,1172,GLAM STRON-GEL
2218,880,07 ROJO LINNER
2219,1044,BASE TRASLUCIDA CANDY 04
2219,202,Mascarilla De Piña Y Kiwi 100gr
2220,1204,Gel Bunny
2220,86,MONOMERO PIÑA WAPIZIMA
2221,1189,Gel Base Trasalucida Canela #2
2221,314,14 BUGAMBILIA GC NAILS
2221,799,VERDE FLAKE
2221,388,COWBOY NATURAL TIP
2222,956,54 BLANCO HUESO
2222,155,Jelly Citricos 1 Y 2
2222,417,Dreams Rubber Gel 5 12ml Mc
2223,1228,Lampara sun hr-04 uv/led 248w - pink
2224,388,COWBOY NATURAL TIP
2224,1228,Lampara sun hr-04 uv/led 248w - pink
2225,1228,Lampara sun hr-04 uv/led 248w - pink
2226,1228,Lampara sun hr-04 uv/led 248w - pink
2226,1204,Gel Bunny
2227,1204,Gel Bunny
2228,1204,Gel Bunny
2228,292,P.14
2229,1204,Gel Bunny
2229,1228,Lampara sun hr-04 uv/led 248w - pink
2230,539,MIX 3
2231,1228,Lampara sun hr-04 uv/led 248w - pink
2231,1204,Gel Bunny
2232,1228,Lampara sun hr-04 uv/led 248w - pink
2233,1228,Lampara sun hr-04 uv/led 248w - pink
2233,857,PLATA
2233,1204,Gel Bunny
2234,1204,Gel Bunny
2235,1228,Lampara sun hr-04 uv/led 248w - pink
2235,1204,Gel Bunny
2236,1204,Gel Bunny
2237,1228,Lampara sun hr-04 uv/led 248w - pink
2238,954,53 SKIN SHINE
2238,1204,Gel Bunny
2239,1228,Lampara sun hr-04 uv/led 248w - pink
2239,326,ACRILICO Transparente 1oz Mc
2240,1228,Lampara sun hr-04 uv/led 248w - pink
2240,240,C.07
2241,1228,Lampara sun hr-04 uv/led 248w - pink
2241,571,Mostrario Cristal
2242,1228,Lampara sun hr-04 uv/led 248w - pink
2243,1228,Lampara sun hr-04 uv/led 248w - pink
2244,1228,Lampara sun hr-04 uv/led 248w - pink
2245,352,BOMBA JELLY MANGO MC
2245,880,07 ROJO LINNER
2246,629,Primer Adherente Sin Acido (Cuore Bond)
2246,579,Ojo De Gato Gc 15
2247,157,Limaton 100/100
2247,65,Glitter Rose Coleccion
2248,571,Mostrario Cristal
2248,1045,BASE TRASLUCIDA MILK 08
1924,1204,Gel Bunny
1925,1204,Gel Bunny
1926,940,43 CHOCOLATE CLARO
1927,1204,Gel Bunny
1927,86,MONOMERO PIÑA WAPIZIMA
1928,1204,Gel Bunny
1929,1204,Gel Bunny
1929,733,Germ Klean Manikura
1930,1204,Gel Bunny
1931,838,RUBBER FAIREST NUDE
1931,389,Carving Building Gel Latte Gel Solido
1931,605,PINCEL Mc Lainer #1
1932,112,PINK SALMON COVER WAPIZIMA 57g
1933,1045,BASE TRASLUCIDA MILK 08
1933,571,Mostrario Cristal
1933,1055,CAPUCCINO 2OZ
1934,1228,Lampara sun hr-04 uv/led 248w - pink
1935,1204,Gel Bunny
1936,748,Pododisco 15mm
1936,960,58 BILE
1936,1228,Lampara sun hr-04 uv/led 248w - pink
1937,1228,Lampara sun hr-04 uv/led 248w - pink
1937,1204,Gel Bunny
1938,1228,Lampara sun hr-04 uv/led 248w - pink
1939,1134,FOTO SENSIBLE VERDE
1939,1056,CARACOLA MAR
1939,1228,Lampara sun hr-04 uv/led 248w - pink
1939,1204,Gel Bunny
1940,1228,Lampara sun hr-04 uv/led 248w - pink
1941,1228,Lampara sun hr-04 uv/led 248w - pink
1941,960,58 BILE
1942,1228,Lampara sun hr-04 uv/led 248w - pink
1942,832,HELLO DOLL
1943,1228,Lampara sun hr-04 uv/led 248w - pink
1944,1228,Lampara sun hr-04 uv/led 248w - pink
1945,1228,Lampara sun hr-04 uv/led 248w - pink
1946,1228,Lampara sun hr-04 uv/led 248w - pink
1947,1204,Gel Bunny
1948,1204,Gel Bunny
1948,161,ACRILICO MEDICADO 1 OZ CRYSTAL O ROSA
1949,168,Biotina
1949,1228,Lampara sun hr-04 uv/led 248w - pink
1950,1204,Gel Bunny
1951,105,Natural Shine
1951,388,COWBOY NATURAL TIP
1951,157,Limaton 100/100
1952,1204,Gel Bunny
1953,799,VERDE FLAKE
1953,1204,Gel Bunny
1954,140,Top Coat Tokio
1954,240,C.07
1954,1204,Gel Bunny
1955,149,180/180 Sweet
1955,1035,BALIN ROSE GOLD MINI
1955,660,Solucion Antiseptica Azul Colorful
1956,1204,Gel Bunny
1957,355,BOND 2 ADERENTE GC
1957,574,NATURALEZA MUERTA VARIOS COLORES
1957,627,Pinza Recta Decoracion Mc
1958,983,73 BUGAMBILIA
1958,406,Colorful Sunlight Monomero 8oz
1959,1192,Gel Base Traslucida Hollywood
1959,329,Ablandador De Cuticula Mc 4oz
1959,748,Pododisco 15mm
1960,791,MORADO VIOLETA
1960,141,Vino Wapicolors
1960,297,PUNTA SILICON GDE NAIL TECH
1961,784,ROSA SALMON
1961,114,PINK SHINE COVER WAPIZIMA 57g
1961,168,Biotina
1961,474,Gama E Color Full
1962,574,NATURALEZA MUERTA VARIOS COLORES
1962,626,Pinza Para Estructura Maria Cibeles
1963,497,Iliminous Top Gel 12ml Mc
1963,1079,CRYSTAL GLUE 30G
1963,880,07 ROJO LINNER
1963,748,Pododisco 15mm
1964,1044,BASE TRASLUCIDA CANDY 04
1964,202,Mascarilla De Piña Y Kiwi 100gr
1965,1162,GEL PLATA LUMISTIK
1966,1043,BASE TRASLUCIDA 07
1966,857,PLATA
1966,500,JELLY SPA PERA PASO 2
1966,325,ACEITE PARA MASAJES MENTA MC
1967,1105,DIAMOND OPAL
1967,826,GEL BUILDER
1467,1225,Frutos Rojos Cat Eye
1967,778,ROSA BARBIE
1967,985,75 PERLA
1968,807,ROSA BRILLANTE
1968,353,BOMBA JELLY PERA
1968,112,PINK SALMON COVER WAPIZIMA 57g
1969,454,FORMA ESCULTURAL (VERDE) CHICA 100 PZAS
1969,140,Top Coat Tokio
1969,105,Natural Shine
1969,221,Sales Minerales De Limon 1kg
1970,58,GAMA OJO DE GATO DIAMANTE REFLEJANTE
1970,1172,GLAM STRON-GEL
1970,112,PINK SALMON COVER WAPIZIMA 57g
1970,3,14 De Febrero Coleccion
1971,834,HELLO BLING UP VOL1
1971,605,PINCEL Mc Lainer #1
1971,1162,GEL PLATA LUMISTIK
1971,1204,Gel Bunny
1972,1204,Gel Bunny
1973,389,Carving Building Gel Latte Gel Solido
1973,1204,Gel Bunny
1974,1204,Gel Bunny
1975,1228,Lampara sun hr-04 uv/led 248w - pink
1976,1204,Gel Bunny
1976,1055,CAPUCCINO 2OZ
1977,154,Jelly Cherry Pop 1 y 2
1977,595,PASO 2 JELLY FRESA
1977,391,Cepillo Doble Amarillo
1977,1204,Gel Bunny
1977,1147,GEL BLANCO
1978,1134,FOTO SENSIBLE VERDE
1978,1056,CARACOLA MAR
1979,202,Mascarilla De Piña Y Kiwi 100gr
1979,110,PETAL PINK WAPIZIMA 28g
1979,788,MANDARINA
1980,768,NARANJA NEON
1981,807,ROSA BRILLANTE
1981,1175,GLITTER NEGRO FANTASY
1982,28,COVER ROSE GOLD WAPIZIMA 57g
1982,187,GEL PARA PIES CANSADOS (GRANDE) 250 ML
1982,1204,Gel Bunny
1983,462,Forma Gc 100pz
1983,221,Sales Minerales De Limon 1kg
1983,1156,GEL MOLDING
1984,1204,Gel Bunny
1984,65,Glitter Rose Coleccion
1985,28,COVER ROSE GOLD WAPIZIMA 57g
1985,187,GEL PARA PIES CANSADOS (GRANDE) 250 ML
1985,857,PLATA
1986,112,PINK SALMON COVER WAPIZIMA 57g
1986,155,Jelly Citricos 1 Y 2
1986,791,MORADO VIOLETA
1986,1204,Gel Bunny
1987,1204,Gel Bunny
1988,1204,Gel Bunny
1988,41,DESHIDRATADOR DE UÑAS WAPI
1989,1204,Gel Bunny
1990,1204,Gel Bunny
1991,1204,Gel Bunny
1992,1204,Gel Bunny
1993,1204,Gel Bunny
1994,1204,Gel Bunny
1995,1204,Gel Bunny
1996,1228,Lampara sun hr-04 uv/led 248w - pink
1997,1228,Lampara sun hr-04 uv/led 248w - pink
1997,838,RUBBER FAIREST NUDE
1998,406,Colorful Sunlight Monomero 8oz
1998,1228,Lampara sun hr-04 uv/led 248w - pink
1999,1228,Lampara sun hr-04 uv/led 248w - pink
1999,1204,Gel Bunny
2000,500,JELLY SPA PERA PASO 2
2001,826,GEL BUILDER
2001,306,T.11
2001,622,Pincel SUPREME #4 3d Mc
2002,388,COWBOY NATURAL TIP
2002,105,Natural Shine
2002,1204,Gel Bunny
2002,1156,GEL MOLDING
2003,799,VERDE FLAKE
2003,1189,Gel Base Trasalucida Canela #2
2004,1204,Gel Bunny
2005,1045,BASE TRASLUCIDA MILK 08
2005,571,Mostrario Cristal
2005,1204,Gel Bunny
2006,880,07 ROJO LINNER
2006,352,BOMBA JELLY MANGO MC
2006,1204,Gel Bunny
2007,1204,Gel Bunny
2008,628,Primer Adherente Mc
2008,1204,Gel Bunny
2009,629,Primer Adherente Sin Acido (Cuore Bond)
2009,812,TERRACOTA
2009,153,80/80 Sweet
2010,1204,Gel Bunny
2011,1162,GEL PLATA LUMISTIK
2011,605,PINCEL Mc Lainer #1
2011,838,RUBBER FAIREST NUDE
2012,959,57 BEIGE CREMA
2013,86,MONOMERO PIÑA WAPIZIMA
2013,604,PINCEL 3D 2 MC
2013,15,Atenea Diosas Coleccion
2013,306,T.11
2014,149,180/180 Sweet
2014,1035,BALIN ROSE GOLD MINI
2014,660,Solucion Antiseptica Azul Colorful
2015,105,Natural Shine
2015,388,COWBOY NATURAL TIP
2015,157,Limaton 100/100
2016,438,Exfoliante FACIAL Y CORPORAL Mc Cafe 500g
2017,1079,CRYSTAL GLUE 30G
2017,832,HELLO DOLL
2017,559,Magic Remover Dreams Mc
2018,247,CL.223 5mm
2018,1056,CARACOLA MAR
2018,784,ROSA SALMON
2018,329,Ablandador De Cuticula Mc 4oz
2019,329,Ablandador De Cuticula Mc 4oz
2019,1192,Gel Base Traslucida Hollywood
2019,789,AZUL CRAYOLA
2019,959,57 BEIGE CREMA
2020,168,Biotina
2020,114,PINK SHINE COVER WAPIZIMA 57g
2020,788,MANDARINA
2021,462,Forma Gc 100pz
2021,1156,GEL MOLDING
2249,594,PASO 2 JELLY DE MANGO TROPICAL
2249,65,Glitter Rose Coleccion
2249,1228,Lampara sun hr-04 uv/led 248w - pink
2249,985,75 PERLA
2250,594,PASO 2 JELLY DE MANGO TROPICAL
2250,65,Glitter Rose Coleccion
2250,709,AR017 CREAMY
2251,472,GODETE De Porcelana Grande Mc
2251,48,DIOSAS SELENE 1oz
2251,178,ESPUMA CEREZA 250ML
2251,1228,Lampara sun hr-04 uv/led 248w - pink
2252,1204,Gel Bunny
2253,1228,Lampara sun hr-04 uv/led 248w - pink
2254,1204,Gel Bunny
2254,1228,Lampara sun hr-04 uv/led 248w - pink
2255,1204,Gel Bunny
2255,1228,Lampara sun hr-04 uv/led 248w - pink
2256,1228,Lampara sun hr-04 uv/led 248w - pink
2257,1204,Gel Bunny
2257,983,73 BUGAMBILIA
2258,1228,Lampara sun hr-04 uv/led 248w - pink
2259,1228,Lampara sun hr-04 uv/led 248w - pink
2260,1228,Lampara sun hr-04 uv/led 248w - pink
2261,1228,Lampara sun hr-04 uv/led 248w - pink
2262,1228,Lampara sun hr-04 uv/led 248w - pink
2263,1228,Lampara sun hr-04 uv/led 248w - pink
2264,1228,Lampara sun hr-04 uv/led 248w - pink
2264,1204,Gel Bunny
2265,1228,Lampara sun hr-04 uv/led 248w - pink
2022,391,Cepillo Doble Amarillo
2022,154,Jelly Cherry Pop 1 y 2
2022,789,AZUL CRAYOLA
2023,797,FLAKE ROJO
2023,1056,CARACOLA MAR
2024,326,ACRILICO Transparente 1oz Mc
2025,789,AZUL CRAYOLA
2025,9,ALMOND PINK WAPIZIMA 28g
2026,168,Biotina
2027,357,Base Gel Novamore
2027,187,GEL PARA PIES CANSADOS (GRANDE) 250 ML
2028,202,Mascarilla De Piña Y Kiwi 100gr
2028,110,PETAL PINK WAPIZIMA 28g
2028,784,ROSA SALMON
2029,141,Vino Wapicolors
2029,579,Ojo De Gato Gc 15
2029,48,DIOSAS SELENE 1oz
2030,594,PASO 2 JELLY DE MANGO TROPICAL
2030,65,Glitter Rose Coleccion
2030,626,Pinza Para Estructura Maria Cibeles
2030,357,Base Gel Novamore
2031,329,Ablandador De Cuticula Mc 4oz
2031,514,LIMA COBA MC 180/180
2031,1192,Gel Base Traslucida Hollywood
2031,536,MANO DE PRACTICA Con Y Sin Uñas
2032,1228,Lampara sun hr-04 uv/led 248w - pink
2033,1228,Lampara sun hr-04 uv/led 248w - pink
2034,1228,Lampara sun hr-04 uv/led 248w - pink
2034,799,VERDE FLAKE
2035,438,Exfoliante FACIAL Y CORPORAL Mc Cafe 500g
2035,571,Mostrario Cristal
2035,1045,BASE TRASLUCIDA MILK 08
2035,791,MORADO VIOLETA
2036,1007,ACRILICO AURORA PURPLE
2036,235,Bola Roja
2036,292,P.14
2036,559,Magic Remover Dreams Mc
2037,1204,Gel Bunny
2038,290,P.12
2038,983,73 BUGAMBILIA
2038,1043,BASE TRASLUCIDA 07
2039,1204,Gel Bunny
2040,1204,Gel Bunny
2041,1204,Gel Bunny
2042,1204,Gel Bunny
2043,1204,Gel Bunny
2044,168,Biotina
2044,784,ROSA SALMON
2044,86,MONOMERO PIÑA WAPIZIMA
2044,153,80/80 Sweet
2045,1204,Gel Bunny
2046,1204,Gel Bunny
2047,1204,Gel Bunny
2048,1204,Gel Bunny
2049,1204,Gel Bunny
2049,1056,CARACOLA MAR
2050,1073,COWBOY CRISTAL
2050,659,Solucion Antiseptica Amarillo Colorful
2050,1228,Lampara sun hr-04 uv/led 248w - pink
2051,1228,Lampara sun hr-04 uv/led 248w - pink
2052,1228,Lampara sun hr-04 uv/led 248w - pink
2052,221,Sales Minerales De Limon 1kg
2053,352,BOMBA JELLY MANGO MC
2053,880,07 ROJO LINNER
2053,1228,Lampara sun hr-04 uv/led 248w - pink
2054,1228,Lampara sun hr-04 uv/led 248w - pink
2055,1204,Gel Bunny
2056,856,01 NEGRO LINNER
2056,268,KD.702
2056,733,Germ Klean Manikura
2056,1055,CAPUCCINO 2OZ
2057,748,Pododisco 15mm
2057,960,58 BILE
2057,1204,Gel Bunny
2058,462,Forma Gc 100pz
2058,1156,GEL MOLDING
2059,533,Long Sharp Tips Punta De Lanza Natural
2059,497,Iliminous Top Gel 12ml Mc
2059,1079,CRYSTAL GLUE 30G
2059,1035,BALIN ROSE GOLD MINI
2060,626,Pinza Para Estructura Maria Cibeles
2060,355,BOND 2 ADERENTE GC
2060,1228,Lampara sun hr-04 uv/led 248w - pink
2060,288,P.04
2061,1228,Lampara sun hr-04 uv/led 248w - pink
2062,1228,Lampara sun hr-04 uv/led 248w - pink
2063,1228,Lampara sun hr-04 uv/led 248w - pink
1468,1229,Gel Platinum
2064,1228,Lampara sun hr-04 uv/led 248w - pink
2065,1228,Lampara sun hr-04 uv/led 248w - pink
2065,740,Mandil Manikura Vinil
2066,1204,Gel Bunny
2067,1204,Gel Bunny
2067,140,Top Coat Tokio
2068,1172,GLAM STRON-GEL
2068,58,GAMA OJO DE GATO DIAMANTE REFLEJANTE
2069,1204,Gel Bunny
2069,388,COWBOY NATURAL TIP
2070,1204,Gel Bunny
2071,719,PINCEL ONE STROKE #1
2071,733,Germ Klean Manikura
2071,67,Hoja Extra Fina Dorado
2071,822,UVA
2071,1204,Gel Bunny
2072,1001,ACETONA PURA 32OZ
2072,1204,Gel Bunny
2073,178,ESPUMA CEREZA 250ML
2073,472,GODETE De Porcelana Grande Mc
2073,48,DIOSAS SELENE 1oz
2073,1204,Gel Bunny
2074,1056,CARACOLA MAR
2074,247,CL.223 5mm
2074,1192,Gel Base Traslucida Hollywood
2075,221,Sales Minerales De Limon 1kg
2076,960,58 BILE
2076,388,COWBOY NATURAL TIP
2077,618,Pincel #10 Little Rose
2077,1204,Gel Bunny
2077,812,TERRACOTA
2078,1044,BASE TRASLUCIDA CANDY 04
2079,1204,Gel Bunny
2080,353,BOMBA JELLY PERA
2080,1172,GLAM STRON-GEL
2081,500,JELLY SPA PERA PASO 2
2081,1043,BASE TRASLUCIDA 07
2082,221,Sales Minerales De Limon 1kg
2082,462,Forma Gc 100pz
2083,418,Dreams Rubber Gel 7 12ml Mc
2083,368,C.36
2083,236,Bullet Rojo
2084,283,NL.202
2084,467,GEL FORM ACRILICO EN GEL WHITE
2085,155,Jelly Citricos 1 Y 2
2085,956,54 BLANCO HUESO
2086,983,73 BUGAMBILIA
2086,406,Colorful Sunlight Monomero 8oz
2086,297,PUNTA SILICON GDE NAIL TECH
2087,1228,Lampara sun hr-04 uv/led 248w - pink
2088,1228,Lampara sun hr-04 uv/led 248w - pink
2089,202,Mascarilla De Piña Y Kiwi 100gr
2089,1044,BASE TRASLUCIDA CANDY 04
2089,110,PETAL PINK WAPIZIMA 28g
2089,389,Carving Building Gel Latte Gel Solido
2090,1228,Lampara sun hr-04 uv/led 248w - pink
2091,326,ACRILICO Transparente 1oz Mc
2091,288,P.04
2091,38,Cristal 57gr
2091,789,AZUL CRAYOLA
2091,202,Mascarilla De Piña Y Kiwi 100gr
2092,1228,Lampara sun hr-04 uv/led 248w - pink
2093,1228,Lampara sun hr-04 uv/led 248w - pink
2094,1228,Lampara sun hr-04 uv/led 248w - pink
2095,1228,Lampara sun hr-04 uv/led 248w - pink
2096,1228,Lampara sun hr-04 uv/led 248w - pink
2097,114,PINK SHINE COVER WAPIZIMA 57g
2097,1228,Lampara sun hr-04 uv/led 248w - pink
2098,38,Cristal 57gr
2098,288,P.04
2098,326,ACRILICO Transparente 1oz Mc
2098,1228,Lampara sun hr-04 uv/led 248w - pink
2099,1228,Lampara sun hr-04 uv/led 248w - pink
2099,1105,DIAMOND OPAL
2100,1228,Lampara sun hr-04 uv/led 248w - pink
2100,114,PINK SHINE COVER WAPIZIMA 57g
2101,1228,Lampara sun hr-04 uv/led 248w - pink
2102,1228,Lampara sun hr-04 uv/led 248w - pink
2103,135,Sany Spary Rose 240ml
2103,940,43 CHOCOLATE CLARO
2103,388,COWBOY NATURAL TIP
2104,1228,Lampara sun hr-04 uv/led 248w - pink
2105,86,MONOMERO PIÑA WAPIZIMA
2105,15,Atenea Diosas Coleccion
2106,1204,Gel Bunny
2107,1204,Gel Bunny
2108,1204,Gel Bunny
2108,1056,CARACOLA MAR
2109,1204,Gel Bunny
2110,235,Bola Roja
2110,1007,ACRILICO AURORA PURPLE
2110,292,P.14
2110,959,57 BEIGE CREMA
2110,155,Jelly Citricos 1 Y 2
2111,1228,Lampara sun hr-04 uv/led 248w - pink
2111,1204,Gel Bunny
2111,778,ROSA BARBIE
2112,1228,Lampara sun hr-04 uv/led 248w - pink
2112,791,MORADO VIOLETA
2113,1228,Lampara sun hr-04 uv/led 248w - pink
2114,1228,Lampara sun hr-04 uv/led 248w - pink
2115,1228,Lampara sun hr-04 uv/led 248w - pink
2116,1228,Lampara sun hr-04 uv/led 248w - pink
2117,1228,Lampara sun hr-04 uv/led 248w - pink
2118,202,Mascarilla De Piña Y Kiwi 100gr
2118,1044,BASE TRASLUCIDA CANDY 04
2118,110,PETAL PINK WAPIZIMA 28g
2118,1204,Gel Bunny
2118,880,07 ROJO LINNER
2119,1204,Gel Bunny
2120,1204,Gel Bunny
2265,1204,Gel Bunny
2266,1228,Lampara sun hr-04 uv/led 248w - pink
2266,1156,GEL MOLDING
2267,38,Cristal 57gr
2267,288,P.04
2267,326,ACRILICO Transparente 1oz Mc
2268,1204,Gel Bunny
2269,1204,Gel Bunny
2270,355,BOND 2 ADERENTE GC
2270,626,Pinza Para Estructura Maria Cibeles
2270,574,NATURALEZA MUERTA VARIOS COLORES
2270,438,Exfoliante FACIAL Y CORPORAL Mc Cafe 500g
2271,1053,BROW 1OZ
2271,290,P.12
2271,763,Witchery Mirror
2272,1147,GEL BLANCO
2272,283,NL.202
2273,857,PLATA
2273,660,Solucion Antiseptica Azul Colorful
2274,389,Carving Building Gel Latte Gel Solido
2274,838,RUBBER FAIREST NUDE
2274,1228,Lampara sun hr-04 uv/led 248w - pink
2275,135,Sany Spary Rose 240ml
2275,940,43 CHOCOLATE CLARO
2275,1228,Lampara sun hr-04 uv/led 248w - pink
2276,388,COWBOY NATURAL TIP
2276,1228,Lampara sun hr-04 uv/led 248w - pink
2277,372,CLIP REMOVEDOR DE GEL MARIA CIBELES
2278,1204,Gel Bunny
2278,539,MIX 3
2279,1204,Gel Bunny
2279,247,CL.223 5mm
2280,1204,Gel Bunny
2280,709,AR017 CREAMY
2280,79,LUZ DE LUNA OJO DE GATO
2281,290,P.12
2281,763,Witchery Mirror
2282,1228,Lampara sun hr-04 uv/led 248w - pink
2282,466,GEL EN FRIO
2283,1228,Lampara sun hr-04 uv/led 248w - pink
2283,462,Forma Gc 100pz
2284,368,C.36
2284,418,Dreams Rubber Gel 7 12ml Mc
2285,1228,Lampara sun hr-04 uv/led 248w - pink
2286,314,14 BUGAMBILIA GC NAILS
2286,1189,Gel Base Trasalucida Canela #2
2287,1228,Lampara sun hr-04 uv/led 248w - pink
2288,1228,Lampara sun hr-04 uv/led 248w - pink
2289,1228,Lampara sun hr-04 uv/led 248w - pink
2290,1147,GEL BLANCO
2290,467,GEL FORM ACRILICO EN GEL WHITE
2290,1228,Lampara sun hr-04 uv/led 248w - pink
2291,474,Gama E Color Full
2291,1001,ACETONA PURA 32OZ
2291,709,AR017 CREAMY
2292,1228,Lampara sun hr-04 uv/led 248w - pink
2293,1228,Lampara sun hr-04 uv/led 248w - pink
2293,1043,BASE TRASLUCIDA 07
2293,357,Base Gel Novamore
2294,1228,Lampara sun hr-04 uv/led 248w - pink
2294,290,P.12
2295,940,43 CHOCOLATE CLARO
2295,822,UVA
2296,985,75 PERLA
2296,79,LUZ DE LUNA OJO DE GATO
2296,1096,DECORACION MAR
2296,719,PINCEL ONE STROKE #1
2297,1175,GLITTER NEGRO FANTASY
2298,1147,GEL BLANCO
2299,1134,FOTO SENSIBLE VERDE
2299,1056,CARACOLA MAR
2299,822,UVA
2300,595,PASO 2 JELLY FRESA
2300,154,Jelly Cherry Pop 1 y 2
2300,799,VERDE FLAKE
2300,807,ROSA BRILLANTE
2301,1204,Gel Bunny
2302,1204,Gel Bunny
2303,1228,Lampara sun hr-04 uv/led 248w - pink
2304,1228,Lampara sun hr-04 uv/led 248w - pink
2305,622,Pincel SUPREME #4 3d Mc
2305,788,MANDARINA
2306,834,HELLO BLING UP VOL1
2306,1162,GEL PLATA LUMISTIK
2306,1228,Lampara sun hr-04 uv/led 248w - pink
2307,1228,Lampara sun hr-04 uv/led 248w - pink
2307,533,Long Sharp Tips Punta De Lanza Natural
2308,1228,Lampara sun hr-04 uv/led 248w - pink
2308,247,CL.223 5mm
2309,1228,Lampara sun hr-04 uv/led 248w - pink
2310,1228,Lampara sun hr-04 uv/led 248w - pink
2311,1204,Gel Bunny
2311,1228,Lampara sun hr-04 uv/led 248w - pink
2311,105,Natural Shine
2312,1204,Gel Bunny
2312,1228,Lampara sun hr-04 uv/led 248w - pink
2313,1228,Lampara sun hr-04 uv/led 248w - pink
2313,1204,Gel Bunny
2314,1228,Lampara sun hr-04 uv/led 248w - pink
2315,1228,Lampara sun hr-04 uv/led 248w - pink
2315,569,Monomero TAPA NARANJA Mc 4oz
2316,178,ESPUMA CEREZA 250ML
2316,472,GODETE De Porcelana Grande Mc
2316,48,DIOSAS SELENE 1oz
2316,1147,GEL BLANCO
2317,1228,Lampara sun hr-04 uv/led 248w - pink
2318,1228,Lampara sun hr-04 uv/led 248w - pink
2319,1228,Lampara sun hr-04 uv/led 248w - pink
2320,1228,Lampara sun hr-04 uv/led 248w - pink
2321,1228,Lampara sun hr-04 uv/led 248w - pink
2322,1228,Lampara sun hr-04 uv/led 248w - pink
2323,247,CL.223 5mm
2323,1056,CARACOLA MAR
2324,1204,Gel Bunny
2325,1204,Gel Bunny
2326,1204,Gel Bunny
2327,1204,Gel Bunny
2328,1228,Lampara sun hr-04 uv/led 248w - pink
2328,1204,Gel Bunny
2329,1228,Lampara sun hr-04 uv/led 248w - pink
2329,1204,Gel Bunny
2330,1204,Gel Bunny
2330,288,P.04
1469,1225,Frutos Rojos Cat Eye
2331,1204,Gel Bunny
2332,1204,Gel Bunny
2332,1147,GEL BLANCO
2333,1204,Gel Bunny
2334,1204,Gel Bunny
2335,1204,Gel Bunny
2336,391,Cepillo Doble Amarillo
2337,1204,Gel Bunny
2338,1204,Gel Bunny
2339,1204,Gel Bunny
2340,1204,Gel Bunny
2340,507,Kit Mini Mc Manicura/Pedicure (varios)
2341,1204,Gel Bunny
2341,778,ROSA BARBIE
2342,1204,Gel Bunny
2343,1204,Gel Bunny
2344,733,Germ Klean Manikura
2344,1204,Gel Bunny
2345,954,53 SKIN SHINE
2345,227,Spray ANTITRANSPIRANTE Y Antiolor 60 Ml
2346,1204,Gel Bunny
2347,1162,GEL PLATA LUMISTIK
2347,834,HELLO BLING UP VOL1
2347,605,PINCEL Mc Lainer #1
2348,1204,Gel Bunny
2348,822,UVA
2348,28,COVER ROSE GOLD WAPIZIMA 57g
2349,1204,Gel Bunny
2350,1204,Gel Bunny
2351,1204,Gel Bunny
2352,1204,Gel Bunny
2353,1204,Gel Bunny
2354,832,HELLO DOLL
2354,389,Carving Building Gel Latte Gel Solido
2354,838,RUBBER FAIREST NUDE
2355,1228,Lampara sun hr-04 uv/led 248w - pink
2356,1073,COWBOY CRISTAL
2356,536,MANO DE PRACTICA Con Y Sin Uñas
2356,28,COVER ROSE GOLD WAPIZIMA 57g
2356,822,UVA
2357,368,C.36
2357,740,Mandil Manikura Vinil
2357,79,LUZ DE LUNA OJO DE GATO
2357,1228,Lampara sun hr-04 uv/led 248w - pink
2358,1043,BASE TRASLUCIDA 07
2358,1204,Gel Bunny
2359,1204,Gel Bunny
2360,1204,Gel Bunny
2361,1204,Gel Bunny
2362,1204,Gel Bunny
2363,856,01 NEGRO LINNER
2363,3,14 De Febrero Coleccion
2364,1204,Gel Bunny
2365,1228,Lampara sun hr-04 uv/led 248w - pink
2366,357,Base Gel Novamore
2366,187,GEL PARA PIES CANSADOS (GRANDE) 250 ML
2367,1228,Lampara sun hr-04 uv/led 248w - pink
2368,1228,Lampara sun hr-04 uv/led 248w - pink
2369,135,Sany Spary Rose 240ml
2369,822,UVA
2369,940,43 CHOCOLATE CLARO
2369,1228,Lampara sun hr-04 uv/led 248w - pink
2370,1228,Lampara sun hr-04 uv/led 248w - pink
2371,1228,Lampara sun hr-04 uv/led 248w - pink
2371,789,AZUL CRAYOLA
2372,1204,Gel Bunny
2373,797,FLAKE ROJO
2373,1228,Lampara sun hr-04 uv/led 248w - pink
2374,372,CLIP REMOVEDOR DE GEL MARIA CIBELES
2374,297,PUNTA SILICON GDE NAIL TECH
2374,822,UVA
2375,110,PETAL PINK WAPIZIMA 28g
2375,202,Mascarilla De Piña Y Kiwi 100gr
2375,325,ACEITE PARA MASAJES MENTA MC
2376,357,Base Gel Novamore
2376,832,HELLO DOLL
2377,500,JELLY SPA PERA PASO 2
2377,1043,BASE TRASLUCIDA 07
2377,857,PLATA
2378,368,C.36
2378,740,Mandil Manikura Vinil
2378,956,54 BLANCO HUESO
2379,807,ROSA BRILLANTE
2379,417,Dreams Rubber Gel 5 12ml Mc
2380,417,Dreams Rubber Gel 5 12ml Mc
2381,400,Coleccion Divina Mc
2381,1175,GLITTER NEGRO FANTASY
2382,1007,ACRILICO AURORA PURPLE
2382,235,Bola Roja
2382,292,P.14
2382,628,Primer Adherente Mc
2383,618,Pincel #10 Little Rose
2383,622,Pincel SUPREME #4 3d Mc
2384,629,Primer Adherente Sin Acido (Cuore Bond)
2384,579,Ojo De Gato Gc 15
2384,812,TERRACOTA
2385,605,PINCEL Mc Lainer #1
2385,834,HELLO BLING UP VOL1
2385,1162,GEL PLATA LUMISTIK
2386,1189,Gel Base Trasalucida Canela #2
2386,799,VERDE FLAKE
2387,1204,Gel Bunny
2387,389,Carving Building Gel Latte Gel Solido
2388,157,Limaton 100/100
2388,388,COWBOY NATURAL TIP
2388,105,Natural Shine
2389,1204,Gel Bunny
2390,539,MIX 3
2390,466,GEL EN FRIO
2391,105,Natural Shine
2391,388,COWBOY NATURAL TIP
2391,826,GEL BUILDER
2392,880,07 ROJO LINNER
2392,1073,COWBOY CRISTAL
2393,789,AZUL CRAYOLA
2393,9,ALMOND PINK WAPIZIMA 28g
2393,559,Magic Remover Dreams Mc
1470,1229,Gel Platinum
2393,497,Iliminous Top Gel 12ml Mc
2394,536,MANO DE PRACTICA Con Y Sin Uñas
2394,1035,BALIN ROSE GOLD MINI
2394,1162,GEL PLATA LUMISTIK
2395,1055,CAPUCCINO 2OZ
2395,569,Monomero TAPA NARANJA Mc 4oz
2395,1044,BASE TRASLUCIDA CANDY 04
2395,649,SOLUCION CLEAN ANTISEPTICO
2396,1204,Gel Bunny
2397,1204,Gel Bunny
2398,1204,Gel Bunny
2398,1134,FOTO SENSIBLE VERDE
2399,1204,Gel Bunny
2400,1204,Gel Bunny
2401,1204,Gel Bunny
2402,1204,Gel Bunny
2402,629,Primer Adherente Sin Acido (Cuore Bond)
2403,1204,Gel Bunny
2403,77,LIPSTIC IVETTE COVER WAPIZIMA 1oz
2404,1204,Gel Bunny
2405,240,C.07
2405,140,Top Coat Tokio
2406,1204,Gel Bunny
2406,799,VERDE FLAKE
2407,326,ACRILICO Transparente 1oz Mc
2407,288,P.04
2407,38,Cristal 57gr
2407,1204,Gel Bunny
2408,571,Mostrario Cristal
2408,438,Exfoliante FACIAL Y CORPORAL Mc Cafe 500g
2408,1045,BASE TRASLUCIDA MILK 08
2408,1228,Lampara sun hr-04 uv/led 248w - pink
2409,1228,Lampara sun hr-04 uv/led 248w - pink
2410,187,GEL PARA PIES CANSADOS (GRANDE) 250 ML
2410,28,COVER ROSE GOLD WAPIZIMA 57g
2410,1228,Lampara sun hr-04 uv/led 248w - pink
2411,1228,Lampara sun hr-04 uv/led 248w - pink
2412,1228,Lampara sun hr-04 uv/led 248w - pink
2413,1228,Lampara sun hr-04 uv/led 248w - pink
2414,1204,Gel Bunny
2414,288,P.04
2908,807,ROSA BRILLANTE
2908,65,Glitter Rose Coleccion
2908,236,Bullet Rojo
2909,355,BOND 2 ADERENTE GC
2909,626,Pinza Para Estructura Maria Cibeles
2909,574,NATURALEZA MUERTA VARIOS COLORES
2909,65,Glitter Rose Coleccion
2909,605,PINCEL Mc Lainer #1
2415,292,P.14
2415,235,Bola Roja
2416,1204,Gel Bunny
2417,1228,Lampara sun hr-04 uv/led 248w - pink
2417,1056,CARACOLA MAR
2417,1204,Gel Bunny
2418,1204,Gel Bunny
2419,48,DIOSAS SELENE 1oz
2420,791,MORADO VIOLETA
2420,297,PUNTA SILICON GDE NAIL TECH
2421,1228,Lampara sun hr-04 uv/led 248w - pink
2422,1228,Lampara sun hr-04 uv/led 248w - pink
2422,579,Ojo De Gato Gc 15
2422,352,BOMBA JELLY MANGO MC
2423,1228,Lampara sun hr-04 uv/led 248w - pink
2424,161,ACRILICO MEDICADO 1 OZ CRYSTAL O ROSA
2424,628,Primer Adherente Mc
2424,627,Pinza Recta Decoracion Mc
2424,1228,Lampara sun hr-04 uv/led 248w - pink
2425,1228,Lampara sun hr-04 uv/led 248w - pink
2426,400,Coleccion Divina Mc
2426,1175,GLITTER NEGRO FANTASY
2426,559,Magic Remover Dreams Mc
2426,155,Jelly Citricos 1 Y 2
2426,791,MORADO VIOLETA
2427,48,DIOSAS SELENE 1oz
2427,472,GODETE De Porcelana Grande Mc
2427,178,ESPUMA CEREZA 250ML
2427,812,TERRACOTA
2427,235,Bola Roja
2428,406,Colorful Sunlight Monomero 8oz
2428,221,Sales Minerales De Limon 1kg
2428,985,75 PERLA
2429,15,Atenea Diosas Coleccion
2430,778,ROSA BARBIE
2430,826,GEL BUILDER
2431,838,RUBBER FAIREST NUDE
2432,740,Mandil Manikura Vinil
2432,418,Dreams Rubber Gel 7 12ml Mc
2433,626,Pinza Para Estructura Maria Cibeles
2433,574,NATURALEZA MUERTA VARIOS COLORES
2434,536,MANO DE PRACTICA Con Y Sin Uñas
2434,659,Solucion Antiseptica Amarillo Colorful
2434,1073,COWBOY CRISTAL
2434,105,Natural Shine
2435,112,PINK SALMON COVER WAPIZIMA 57g
2435,155,Jelly Citricos 1 Y 2
2435,956,54 BLANCO HUESO
2436,472,GODETE De Porcelana Grande Mc
2436,178,ESPUMA CEREZA 250ML
2436,857,PLATA
2437,235,Bola Roja
2437,1007,ACRILICO AURORA PURPLE
2437,467,GEL FORM ACRILICO EN GEL WHITE
2438,857,PLATA
2438,1043,BASE TRASLUCIDA 07
2438,552,MONOMERO MARIA CIBELES 16oz
2439,1172,GLAM STRON-GEL
2439,48,DIOSAS SELENE 1oz
2440,1007,ACRILICO AURORA PURPLE
2440,235,Bola Roja
2440,290,P.12
2441,604,PINCEL 3D 2 MC
2441,15,Atenea Diosas Coleccion
2441,86,MONOMERO PIÑA WAPIZIMA
2441,236,Bullet Rojo
2441,763,Witchery Mirror
2442,956,54 BLANCO HUESO
2442,155,Jelly Citricos 1 Y 2
2443,1172,GLAM STRON-GEL
2443,1228,Lampara sun hr-04 uv/led 248w - pink
2443,28,COVER ROSE GOLD WAPIZIMA 57g
2444,268,KD.702
2444,1228,Lampara sun hr-04 uv/led 248w - pink
2444,507,Kit Mini Mc Manicura/Pedicure (varios)
2445,1228,Lampara sun hr-04 uv/led 248w - pink
2446,709,AR017 CREAMY
2447,626,Pinza Para Estructura Maria Cibeles
2447,574,NATURALEZA MUERTA VARIOS COLORES
2447,1228,Lampara sun hr-04 uv/led 248w - pink
2448,292,P.14
2448,235,Bola Roja
2448,1055,CAPUCCINO 2OZ
2449,135,Sany Spary Rose 240ml
2449,940,43 CHOCOLATE CLARO
2449,153,80/80 Sweet
2449,514,LIMA COBA MC 180/180
2450,880,07 ROJO LINNER
2450,959,57 BEIGE CREMA
2450,748,Pododisco 15mm
2450,660,Solucion Antiseptica Azul Colorful
2451,983,73 BUGAMBILIA
2451,662,Solucion Antiseptica Morado Colorful
2451,579,Ojo De Gato Gc 15
2451,474,Gama E Color Full
2452,202,Mascarilla De Piña Y Kiwi 100gr
2452,1044,BASE TRASLUCIDA CANDY 04
2452,110,PETAL PINK WAPIZIMA 28g
2452,135,Sany Spary Rose 240ml
2453,1162,GEL PLATA LUMISTIK
2453,834,HELLO BLING UP VOL1
2453,605,PINCEL Mc Lainer #1
2453,292,P.14
2453,1035,BALIN ROSE GOLD MINI
2454,628,Primer Adherente Mc
2454,161,ACRILICO MEDICADO 1 OZ CRYSTAL O ROSA
2454,627,Pinza Recta Decoracion Mc
2455,1204,Gel Bunny
2456,1204,Gel Bunny
2457,466,GEL EN FRIO
2457,1204,Gel Bunny
2457,959,57 BEIGE CREMA
2458,628,Primer Adherente Mc
2458,161,ACRILICO MEDICADO 1 OZ CRYSTAL O ROSA
2458,1204,Gel Bunny
2459,1204,Gel Bunny
2459,626,Pinza Para Estructura Maria Cibeles
2459,297,PUNTA SILICON GDE NAIL TECH
2460,1204,Gel Bunny
2461,154,Jelly Cherry Pop 1 y 2
2461,826,GEL BUILDER
2461,79,LUZ DE LUNA OJO DE GATO
2462,41,DESHIDRATADOR DE UÑAS WAPI
2462,954,53 SKIN SHINE
2463,983,73 BUGAMBILIA
2463,662,Solucion Antiseptica Morado Colorful
2463,406,Colorful Sunlight Monomero 8oz
2464,1096,DECORACION MAR
2464,79,LUZ DE LUNA OJO DE GATO
2464,985,75 PERLA
2465,1228,Lampara sun hr-04 uv/led 248w - pink
2466,1228,Lampara sun hr-04 uv/led 248w - pink
2467,1053,BROW 1OZ
2467,1228,Lampara sun hr-04 uv/led 248w - pink
2468,3,14 De Febrero Coleccion
2468,856,01 NEGRO LINNER
2468,1228,Lampara sun hr-04 uv/led 248w - pink
2469,112,PINK SALMON COVER WAPIZIMA 57g
2469,155,Jelly Citricos 1 Y 2
2469,956,54 BLANCO HUESO
2469,1228,Lampara sun hr-04 uv/led 248w - pink
2470,1228,Lampara sun hr-04 uv/led 248w - pink
2471,1056,CARACOLA MAR
2471,67,Hoja Extra Fina Dorado
2472,472,GODETE De Porcelana Grande Mc
2472,48,DIOSAS SELENE 1oz
2472,454,FORMA ESCULTURAL (VERDE) CHICA 100 PZAS
2473,1204,Gel Bunny
2473,388,COWBOY NATURAL TIP
2474,1228,Lampara sun hr-04 uv/led 248w - pink
2474,1204,Gel Bunny
2475,1228,Lampara sun hr-04 uv/led 248w - pink
2475,740,Mandil Manikura Vinil
2476,1228,Lampara sun hr-04 uv/led 248w - pink
2476,221,Sales Minerales De Limon 1kg
2477,1204,Gel Bunny
2478,1228,Lampara sun hr-04 uv/led 248w - pink
2479,1228,Lampara sun hr-04 uv/led 248w - pink
2480,1204,Gel Bunny
2481,1204,Gel Bunny
2482,1204,Gel Bunny
2483,1204,Gel Bunny
2484,1204,Gel Bunny
2484,406,Colorful Sunlight Monomero 8oz
2485,1204,Gel Bunny
2486,1204,Gel Bunny
2487,1228,Lampara sun hr-04 uv/led 248w - pink
2488,1228,Lampara sun hr-04 uv/led 248w - pink
2489,1228,Lampara sun hr-04 uv/led 248w - pink
2490,622,Pincel SUPREME #4 3d Mc
2490,618,Pincel #10 Little Rose
2490,1228,Lampara sun hr-04 uv/led 248w - pink
2490,604,PINCEL 3D 2 MC
2491,1228,Lampara sun hr-04 uv/led 248w - pink
2492,1204,Gel Bunny
2492,1175,GLITTER NEGRO FANTASY
2493,1204,Gel Bunny
2494,1204,Gel Bunny
2495,1204,Gel Bunny
2496,799,VERDE FLAKE
2496,314,14 BUGAMBILIA GC NAILS
2496,1204,Gel Bunny
2497,1204,Gel Bunny
2498,1204,Gel Bunny
2499,141,Vino Wapicolors
2500,1204,Gel Bunny
2501,1228,Lampara sun hr-04 uv/led 248w - pink
2502,629,Primer Adherente Sin Acido (Cuore Bond)
2502,406,Colorful Sunlight Monomero 8oz
2503,391,Cepillo Doble Amarillo
2504,1204,Gel Bunny
2504,1228,Lampara sun hr-04 uv/led 248w - pink
2505,1228,Lampara sun hr-04 uv/led 248w - pink
2505,983,73 BUGAMBILIA
2506,1204,Gel Bunny
2507,1204,Gel Bunny
2508,1204,Gel Bunny
2509,110,PETAL PINK WAPIZIMA 28g
2509,1044,BASE TRASLUCIDA CANDY 04
2510,1204,Gel Bunny
2510,605,PINCEL Mc Lainer #1
2511,1204,Gel Bunny
2512,28,COVER ROSE GOLD WAPIZIMA 57g
2512,187,GEL PARA PIES CANSADOS (GRANDE) 250 ML
2512,1204,Gel Bunny
2513,1228,Lampara sun hr-04 uv/led 248w - pink
2514,1228,Lampara sun hr-04 uv/led 248w - pink
2514,240,C.07
2514,536,MANO DE PRACTICA Con Y Sin Uñas
2515,1228,Lampara sun hr-04 uv/led 248w - pink
2516,1228,Lampara sun hr-04 uv/led 248w - pink
2517,157,Limaton 100/100
2517,105,Natural Shine
2517,956,54 BLANCO HUESO
2518,114,PINK SHINE COVER WAPIZIMA 57g
2518,784,ROSA SALMON
2518,856,01 NEGRO LINNER
2518,58,GAMA OJO DE GATO DIAMANTE REFLEJANTE
2519,389,Carving Building Gel Latte Gel Solido
2519,838,RUBBER FAIREST NUDE
2520,141,Vino Wapicolors
2521,822,UVA
2521,940,43 CHOCOLATE CLARO
2522,662,Solucion Antiseptica Morado Colorful
2522,406,Colorful Sunlight Monomero 8oz
2522,1105,DIAMOND OPAL
2523,202,Mascarilla De Piña Y Kiwi 100gr
2523,1044,BASE TRASLUCIDA CANDY 04
2523,110,PETAL PINK WAPIZIMA 28g
2524,228,Steribon 1lt
2524,649,SOLUCION CLEAN ANTISEPTICO
2524,406,Colorful Sunlight Monomero 8oz
2525,1228,Lampara sun hr-04 uv/led 248w - pink
2525,626,Pinza Para Estructura Maria Cibeles
2526,466,GEL EN FRIO
2526,1228,Lampara sun hr-04 uv/led 248w - pink
2527,1228,Lampara sun hr-04 uv/led 248w - pink
2528,1228,Lampara sun hr-04 uv/led 248w - pink
2529,1228,Lampara sun hr-04 uv/led 248w - pink
2530,1228,Lampara sun hr-04 uv/led 248w - pink
2530,1204,Gel Bunny
2531,1204,Gel Bunny
2531,826,GEL BUILDER
2532,1096,DECORACION MAR
2532,985,75 PERLA
2532,1228,Lampara sun hr-04 uv/led 248w - pink
2533,1204,Gel Bunny
2534,507,Kit Mini Mc Manicura/Pedicure (varios)
2534,649,SOLUCION CLEAN ANTISEPTICO
2534,228,Steribon 1lt
2534,1204,Gel Bunny
2535,1204,Gel Bunny
2536,1228,Lampara sun hr-04 uv/led 248w - pink
2536,135,Sany Spary Rose 240ml
2537,1228,Lampara sun hr-04 uv/led 248w - pink
2538,1001,ACETONA PURA 32OZ
2538,474,Gama E Color Full
2538,1228,Lampara sun hr-04 uv/led 248w - pink
2539,595,PASO 2 JELLY FRESA
2540,1228,Lampara sun hr-04 uv/led 248w - pink
2541,1175,GLITTER NEGRO FANTASY
2541,559,Magic Remover Dreams Mc
2541,400,Coleccion Divina Mc
2542,629,Primer Adherente Sin Acido (Cuore Bond)
2542,1228,Lampara sun hr-04 uv/led 248w - pink
2543,1228,Lampara sun hr-04 uv/led 248w - pink
2544,1228,Lampara sun hr-04 uv/led 248w - pink
2545,1228,Lampara sun hr-04 uv/led 248w - pink
2546,1228,Lampara sun hr-04 uv/led 248w - pink
2547,1228,Lampara sun hr-04 uv/led 248w - pink
2548,48,DIOSAS SELENE 1oz
2548,1228,Lampara sun hr-04 uv/led 248w - pink
2549,533,Long Sharp Tips Punta De Lanza Natural
2549,1228,Lampara sun hr-04 uv/led 248w - pink
2550,462,Forma Gc 100pz
2550,221,Sales Minerales De Limon 1kg
2550,1156,GEL MOLDING
2551,812,TERRACOTA
2551,579,Ojo De Gato Gc 15
2551,629,Primer Adherente Sin Acido (Cuore Bond)
2552,372,CLIP REMOVEDOR DE GEL MARIA CIBELES
2552,153,80/80 Sweet
2552,157,Limaton 100/100
2553,1204,Gel Bunny
2553,372,CLIP REMOVEDOR DE GEL MARIA CIBELES
2554,1204,Gel Bunny
2555,1204,Gel Bunny
2556,1204,Gel Bunny
2557,1204,Gel Bunny
2558,1228,Lampara sun hr-04 uv/led 248w - pink
2559,77,LIPSTIC IVETTE COVER WAPIZIMA 1oz
2559,1055,CAPUCCINO 2OZ
2559,1228,Lampara sun hr-04 uv/led 248w - pink
2560,822,UVA
2560,135,Sany Spary Rose 240ml
2560,1228,Lampara sun hr-04 uv/led 248w - pink
2561,1228,Lampara sun hr-04 uv/led 248w - pink
2562,391,Cepillo Doble Amarillo
2563,1105,DIAMOND OPAL
2563,826,GEL BUILDER
2563,157,Limaton 100/100
2563,168,Biotina
2564,329,Ablandador De Cuticula Mc 4oz
2564,1192,Gel Base Traslucida Hollywood
2565,618,Pincel #10 Little Rose
2565,1043,BASE TRASLUCIDA 07
2566,292,P.14
2566,536,MANO DE PRACTICA Con Y Sin Uñas
2567,135,Sany Spary Rose 240ml
2567,822,UVA
2568,454,FORMA ESCULTURAL (VERDE) CHICA 100 PZAS
2568,240,C.07
2568,1105,DIAMOND OPAL
2569,1228,Lampara sun hr-04 uv/led 248w - pink
2570,1228,Lampara sun hr-04 uv/led 248w - pink
2571,954,53 SKIN SHINE
2571,1228,Lampara sun hr-04 uv/led 248w - pink
2572,1228,Lampara sun hr-04 uv/led 248w - pink
2572,497,Iliminous Top Gel 12ml Mc
2572,77,LIPSTIC IVETTE COVER WAPIZIMA 1oz
2573,1228,Lampara sun hr-04 uv/led 248w - pink
2573,594,PASO 2 JELLY DE MANGO TROPICAL
2573,1204,Gel Bunny
2574,1228,Lampara sun hr-04 uv/led 248w - pink
2574,1055,CAPUCCINO 2OZ
2575,1228,Lampara sun hr-04 uv/led 248w - pink
2576,954,53 SKIN SHINE
2576,1228,Lampara sun hr-04 uv/led 248w - pink
2577,352,BOMBA JELLY MANGO MC
2577,880,07 ROJO LINNER
2577,959,57 BEIGE CREMA
2577,58,GAMA OJO DE GATO DIAMANTE REFLEJANTE
2577,812,TERRACOTA
2578,1228,Lampara sun hr-04 uv/led 248w - pink
2579,1204,Gel Bunny
2580,1204,Gel Bunny
2581,1204,Gel Bunny
2582,1228,Lampara sun hr-04 uv/led 248w - pink
2583,1228,Lampara sun hr-04 uv/led 248w - pink
2584,178,ESPUMA CEREZA 250ML
2584,48,DIOSAS SELENE 1oz
2584,1228,Lampara sun hr-04 uv/led 248w - pink
2585,1228,Lampara sun hr-04 uv/led 248w - pink
2586,1228,Lampara sun hr-04 uv/led 248w - pink
2587,1079,CRYSTAL GLUE 30G
2587,1147,GEL BLANCO
2588,626,Pinza Para Estructura Maria Cibeles
2588,574,NATURALEZA MUERTA VARIOS COLORES
2588,355,BOND 2 ADERENTE GC
2588,28,COVER ROSE GOLD WAPIZIMA 57g
2588,1175,GLITTER NEGRO FANTASY
2589,985,75 PERLA
2589,1096,DECORACION MAR
2589,956,54 BLANCO HUESO
2589,466,GEL EN FRIO
2590,507,Kit Mini Mc Manicura/Pedicure (varios)
2590,649,SOLUCION CLEAN ANTISEPTICO
2590,1228,Lampara sun hr-04 uv/led 248w - pink
2590,41,DESHIDRATADOR DE UÑAS WAPI
2591,1228,Lampara sun hr-04 uv/led 248w - pink
2591,834,HELLO BLING UP VOL1
2591,1035,BALIN ROSE GOLD MINI
2592,533,Long Sharp Tips Punta De Lanza Natural
2592,1079,CRYSTAL GLUE 30G
2593,1228,Lampara sun hr-04 uv/led 248w - pink
2593,559,Magic Remover Dreams Mc
2594,500,JELLY SPA PERA PASO 2
2594,1043,BASE TRASLUCIDA 07
2594,533,Long Sharp Tips Punta De Lanza Natural
2595,3,14 De Febrero Coleccion
2595,474,Gama E Color Full
2595,574,NATURALEZA MUERTA VARIOS COLORES
2596,627,Pinza Recta Decoracion Mc
2596,161,ACRILICO MEDICADO 1 OZ CRYSTAL O ROSA
2596,628,Primer Adherente Mc
2596,290,P.12
2596,65,Glitter Rose Coleccion
2597,114,PINK SHINE COVER WAPIZIMA 57g
2597,1228,Lampara sun hr-04 uv/led 248w - pink
2598,114,PINK SHINE COVER WAPIZIMA 57g
2598,168,Biotina
2599,626,Pinza Para Estructura Maria Cibeles
2599,355,BOND 2 ADERENTE GC
2600,357,Base Gel Novamore
2600,187,GEL PARA PIES CANSADOS (GRANDE) 250 ML
2600,438,Exfoliante FACIAL Y CORPORAL Mc Cafe 500g
2601,1204,Gel Bunny
2601,1001,ACETONA PURA 32OZ
2602,1204,Gel Bunny
2603,1204,Gel Bunny
2604,1228,Lampara sun hr-04 uv/led 248w - pink
2605,1228,Lampara sun hr-04 uv/led 248w - pink
2605,1204,Gel Bunny
2605,559,Magic Remover Dreams Mc
2606,1204,Gel Bunny
2607,1228,Lampara sun hr-04 uv/led 248w - pink
2608,1228,Lampara sun hr-04 uv/led 248w - pink
2609,1204,Gel Bunny
2610,1228,Lampara sun hr-04 uv/led 248w - pink
2611,155,Jelly Citricos 1 Y 2
2611,956,54 BLANCO HUESO
2611,834,HELLO BLING UP VOL1
2612,235,Bola Roja
2612,1007,ACRILICO AURORA PURPLE
2613,110,PETAL PINK WAPIZIMA 28g
2613,202,Mascarilla De Piña Y Kiwi 100gr
2613,1189,Gel Base Trasalucida Canela #2
2614,389,Carving Building Gel Latte Gel Solido
2614,832,HELLO DOLL
2614,709,AR017 CREAMY
2615,1228,Lampara sun hr-04 uv/led 248w - pink
2616,1228,Lampara sun hr-04 uv/led 248w - pink
2617,1228,Lampara sun hr-04 uv/led 248w - pink
2618,1228,Lampara sun hr-04 uv/led 248w - pink
2619,1204,Gel Bunny
2620,940,43 CHOCOLATE CLARO
2621,1204,Gel Bunny
2621,86,MONOMERO PIÑA WAPIZIMA
2622,1204,Gel Bunny
2623,1204,Gel Bunny
2623,733,Germ Klean Manikura
2624,1204,Gel Bunny
2625,1228,Lampara sun hr-04 uv/led 248w - pink
2626,1228,Lampara sun hr-04 uv/led 248w - pink
2627,1228,Lampara sun hr-04 uv/led 248w - pink
2628,352,BOMBA JELLY MANGO MC
2628,959,57 BEIGE CREMA
2628,1228,Lampara sun hr-04 uv/led 248w - pink
2629,604,PINCEL 3D 2 MC
2629,15,Atenea Diosas Coleccion
2629,86,MONOMERO PIÑA WAPIZIMA
2629,1192,Gel Base Traslucida Hollywood
2630,595,PASO 2 JELLY FRESA
2630,391,Cepillo Doble Amarillo
2631,768,NARANJA NEON
2632,1073,COWBOY CRISTAL
2632,228,Steribon 1lt
2632,740,Mandil Manikura Vinil
2633,1134,FOTO SENSIBLE VERDE
2633,1056,CARACOLA MAR
2633,709,AR017 CREAMY
2633,1055,CAPUCCINO 2OZ
2634,838,RUBBER FAIREST NUDE
2634,389,Carving Building Gel Latte Gel Solido
2634,954,53 SKIN SHINE
2634,168,Biotina
2635,1204,Gel Bunny
2635,38,Cristal 57gr
2636,329,Ablandador De Cuticula Mc 4oz
2636,514,LIMA COBA MC 180/180
2636,1192,Gel Base Traslucida Hollywood
2636,1204,Gel Bunny
2636,153,80/80 Sweet
2637,1204,Gel Bunny
2637,472,GODETE De Porcelana Grande Mc
2638,1204,Gel Bunny
2639,514,LIMA COBA MC 180/180
2639,1192,Gel Base Traslucida Hollywood
2640,1204,Gel Bunny
2641,956,54 BLANCO HUESO
2641,112,PINK SALMON COVER WAPIZIMA 57g
2642,1204,Gel Bunny
2643,1204,Gel Bunny
2644,1204,Gel Bunny
2644,187,GEL PARA PIES CANSADOS (GRANDE) 250 ML
2645,822,UVA
2645,940,43 CHOCOLATE CLARO
2645,462,Forma Gc 100pz
2645,1204,Gel Bunny
2646,153,80/80 Sweet
2646,1035,BALIN ROSE GOLD MINI
2647,297,PUNTA SILICON GDE NAIL TECH
2647,141,Vino Wapicolors
2647,329,Ablandador De Cuticula Mc 4oz
2648,472,GODETE De Porcelana Grande Mc
2649,1147,GEL BLANCO
2649,283,NL.202
2649,467,GEL FORM ACRILICO EN GEL WHITE
2650,662,Solucion Antiseptica Morado Colorful
2650,406,Colorful Sunlight Monomero 8oz
2651,1192,Gel Base Traslucida Hollywood
2651,329,Ablandador De Cuticula Mc 4oz
2651,748,Pododisco 15mm
2652,791,MORADO VIOLETA
2652,141,Vino Wapicolors
2652,297,PUNTA SILICON GDE NAIL TECH
2653,462,Forma Gc 100pz
2653,1156,GEL MOLDING
2653,474,Gama E Color Full
2654,574,NATURALEZA MUERTA VARIOS COLORES
2654,626,Pinza Para Estructura Maria Cibeles
2655,497,Iliminous Top Gel 12ml Mc
2655,1079,CRYSTAL GLUE 30G
2655,880,07 ROJO LINNER
2655,748,Pododisco 15mm
2656,1228,Lampara sun hr-04 uv/led 248w - pink
2657,1228,Lampara sun hr-04 uv/led 248w - pink
2658,1228,Lampara sun hr-04 uv/led 248w - pink
2659,1228,Lampara sun hr-04 uv/led 248w - pink
2660,856,01 NEGRO LINNER
2660,3,14 De Febrero Coleccion
2660,268,KD.702
2660,1228,Lampara sun hr-04 uv/led 248w - pink
2661,1228,Lampara sun hr-04 uv/led 248w - pink
2662,1228,Lampara sun hr-04 uv/led 248w - pink
2663,1204,Gel Bunny
2664,389,Carving Building Gel Latte Gel Solido
2664,834,HELLO BLING UP VOL1
2664,1204,Gel Bunny
2665,1204,Gel Bunny
2666,1204,Gel Bunny
2667,389,Carving Building Gel Latte Gel Solido
2667,28,COVER ROSE GOLD WAPIZIMA 57g
2667,135,Sany Spary Rose 240ml
2668,406,Colorful Sunlight Monomero 8oz
2668,983,73 BUGAMBILIA
2668,290,P.12
2669,462,Forma Gc 100pz
2669,1156,GEL MOLDING
2670,1228,Lampara sun hr-04 uv/led 248w - pink
2671,1228,Lampara sun hr-04 uv/led 248w - pink
2672,1162,GEL PLATA LUMISTIK
2672,834,HELLO BLING UP VOL1
2672,1228,Lampara sun hr-04 uv/led 248w - pink
2673,1228,Lampara sun hr-04 uv/led 248w - pink
2674,1228,Lampara sun hr-04 uv/led 248w - pink
2674,1055,CAPUCCINO 2OZ
2675,1204,Gel Bunny
2676,1228,Lampara sun hr-04 uv/led 248w - pink
2677,956,54 BLANCO HUESO
2678,1228,Lampara sun hr-04 uv/led 248w - pink
2679,1228,Lampara sun hr-04 uv/led 248w - pink
2680,1228,Lampara sun hr-04 uv/led 248w - pink
2681,28,COVER ROSE GOLD WAPIZIMA 57g
2681,187,GEL PARA PIES CANSADOS (GRANDE) 250 ML
2681,1228,Lampara sun hr-04 uv/led 248w - pink
2682,1228,Lampara sun hr-04 uv/led 248w - pink
2683,67,Hoja Extra Fina Dorado
2683,733,Germ Klean Manikura
2683,719,PINCEL ONE STROKE #1
2684,579,Ojo De Gato Gc 15
2684,629,Primer Adherente Sin Acido (Cuore Bond)
2684,1204,Gel Bunny
2685,1204,Gel Bunny
2685,157,Limaton 100/100
2685,38,Cristal 57gr
2686,594,PASO 2 JELLY DE MANGO TROPICAL
2686,768,NARANJA NEON
2686,65,Glitter Rose Coleccion
2687,1204,Gel Bunny
2688,1204,Gel Bunny
2689,812,TERRACOTA
2689,579,Ojo De Gato Gc 15
2690,763,Witchery Mirror
2690,1053,BROW 1OZ
2690,1192,Gel Base Traslucida Hollywood
2691,733,Germ Klean Manikura
2691,67,Hoja Extra Fina Dorado
2691,719,PINCEL ONE STROKE #1
2691,406,Colorful Sunlight Monomero 8oz
2692,799,VERDE FLAKE
2692,314,14 BUGAMBILIA GC NAILS
2692,1204,Gel Bunny
2693,1228,Lampara sun hr-04 uv/led 248w - pink
2694,1228,Lampara sun hr-04 uv/led 248w - pink
2695,1204,Gel Bunny
2695,1228,Lampara sun hr-04 uv/led 248w - pink
2696,1228,Lampara sun hr-04 uv/led 248w - pink
2697,65,Glitter Rose Coleccion
2698,77,LIPSTIC IVETTE COVER WAPIZIMA 1oz
2698,1055,CAPUCCINO 2OZ
2698,569,Monomero TAPA NARANJA Mc 4oz
2699,956,54 BLANCO HUESO
2699,112,PINK SALMON COVER WAPIZIMA 57g
2699,1189,Gel Base Trasalucida Canela #2
2699,140,Top Coat Tokio
2700,306,T.11
2700,474,Gama E Color Full
2700,822,UVA
2701,1043,BASE TRASLUCIDA 07
2701,857,PLATA
2702,618,Pincel #10 Little Rose
2702,622,Pincel SUPREME #4 3d Mc
2702,552,MONOMERO MARIA CIBELES 16oz
2702,500,JELLY SPA PERA PASO 2
2703,857,PLATA
2703,1043,BASE TRASLUCIDA 07
2703,500,JELLY SPA PERA PASO 2
2703,748,Pododisco 15mm
2703,1189,Gel Base Trasalucida Canela #2
2704,1228,Lampara sun hr-04 uv/led 248w - pink
2705,1228,Lampara sun hr-04 uv/led 248w - pink
2706,1228,Lampara sun hr-04 uv/led 248w - pink
2707,1228,Lampara sun hr-04 uv/led 248w - pink
2708,1204,Gel Bunny
2709,1192,Gel Base Traslucida Hollywood
2709,329,Ablandador De Cuticula Mc 4oz
2709,1204,Gel Bunny
2710,1204,Gel Bunny
2710,178,ESPUMA CEREZA 250ML
2711,1204,Gel Bunny
2711,9,ALMOND PINK WAPIZIMA 28g
2712,372,CLIP REMOVEDOR DE GEL MARIA CIBELES
2713,1228,Lampara sun hr-04 uv/led 248w - pink
2714,822,UVA
2714,940,43 CHOCOLATE CLARO
2714,1162,GEL PLATA LUMISTIK
2714,329,Ablandador De Cuticula Mc 4oz
2715,1228,Lampara sun hr-04 uv/led 248w - pink
2715,1162,GEL PLATA LUMISTIK
2716,1228,Lampara sun hr-04 uv/led 248w - pink
2717,1228,Lampara sun hr-04 uv/led 248w - pink
2718,1228,Lampara sun hr-04 uv/led 248w - pink
2719,1228,Lampara sun hr-04 uv/led 248w - pink
2720,1228,Lampara sun hr-04 uv/led 248w - pink
2721,1228,Lampara sun hr-04 uv/led 248w - pink
2721,227,Spray ANTITRANSPIRANTE Y Antiolor 60 Ml
2721,618,Pincel #10 Little Rose
2722,1228,Lampara sun hr-04 uv/led 248w - pink
2722,1043,BASE TRASLUCIDA 07
2723,1162,GEL PLATA LUMISTIK
2723,187,GEL PARA PIES CANSADOS (GRANDE) 250 ML
2723,110,PETAL PINK WAPIZIMA 28g
2724,807,ROSA BRILLANTE
2724,657,Sal Mineral Rosa Floral
2724,417,Dreams Rubber Gel 5 12ml Mc
2724,418,Dreams Rubber Gel 7 12ml Mc
2724,1001,ACETONA PURA 32OZ
2725,1079,CRYSTAL GLUE 30G
2725,497,Iliminous Top Gel 12ml Mc
2725,857,PLATA
2725,626,Pinza Para Estructura Maria Cibeles
2726,628,Primer Adherente Mc
2726,161,ACRILICO MEDICADO 1 OZ CRYSTAL O ROSA
2726,1162,GEL PLATA LUMISTIK
2727,536,MANO DE PRACTICA Con Y Sin Uñas
2727,1073,COWBOY CRISTAL
2727,822,UVA
2728,112,PINK SALMON COVER WAPIZIMA 57g
2729,227,Spray ANTITRANSPIRANTE Y Antiolor 60 Ml
2729,954,53 SKIN SHINE
2729,662,Solucion Antiseptica Morado Colorful
2729,79,LUZ DE LUNA OJO DE GATO
2730,799,VERDE FLAKE
2730,314,14 BUGAMBILIA GC NAILS
2731,1204,Gel Bunny
2731,1053,BROW 1OZ
2731,15,Atenea Diosas Coleccion
2732,719,PINCEL ONE STROKE #1
2732,733,Germ Klean Manikura
2732,67,Hoja Extra Fina Dorado
2732,1204,Gel Bunny
2733,1204,Gel Bunny
2733,314,14 BUGAMBILIA GC NAILS
2733,288,P.04
2734,1204,Gel Bunny
2735,1204,Gel Bunny
2736,1204,Gel Bunny
2737,247,CL.223 5mm
2737,1134,FOTO SENSIBLE VERDE
2737,1204,Gel Bunny
2738,1204,Gel Bunny
2739,1204,Gel Bunny
2739,41,DESHIDRATADOR DE UÑAS WAPI
2739,368,C.36
2740,1204,Gel Bunny
2741,1204,Gel Bunny
2742,1156,GEL MOLDING
2742,462,Forma Gc 100pz
2742,856,01 NEGRO LINNER
2743,1204,Gel Bunny
2743,1073,COWBOY CRISTAL
2744,1204,Gel Bunny
2744,161,ACRILICO MEDICADO 1 OZ CRYSTAL O ROSA
2744,960,58 BILE
2745,1204,Gel Bunny
2745,221,Sales Minerales De Limon 1kg
2746,352,BOMBA JELLY MANGO MC
2746,880,07 ROJO LINNER
2746,1204,Gel Bunny
2747,1204,Gel Bunny
2748,1204,Gel Bunny
2749,1204,Gel Bunny
2750,1204,Gel Bunny
2750,748,Pododisco 15mm
2750,472,GODETE De Porcelana Grande Mc
2751,1204,Gel Bunny
2752,77,LIPSTIC IVETTE COVER WAPIZIMA 1oz
2752,569,Monomero TAPA NARANJA Mc 4oz
2753,1204,Gel Bunny
2753,626,Pinza Para Estructura Maria Cibeles
2754,1053,BROW 1OZ
2754,290,P.12
2754,1204,Gel Bunny
2755,1204,Gel Bunny
2756,1204,Gel Bunny
2756,149,180/180 Sweet
2757,283,NL.202
2757,1147,GEL BLANCO
2758,48,DIOSAS SELENE 1oz
2758,768,NARANJA NEON
2758,154,Jelly Cherry Pop 1 y 2
2759,406,Colorful Sunlight Monomero 8oz
2759,960,58 BILE
2760,1172,GLAM STRON-GEL
2760,58,GAMA OJO DE GATO DIAMANTE REFLEJANTE
2761,1204,Gel Bunny
2761,388,COWBOY NATURAL TIP
2761,372,CLIP REMOVEDOR DE GEL MARIA CIBELES
2762,627,Pinza Recta Decoracion Mc
2762,161,ACRILICO MEDICADO 1 OZ CRYSTAL O ROSA
2762,628,Primer Adherente Mc
2762,1204,Gel Bunny
2762,719,PINCEL ONE STROKE #1
2763,1228,Lampara sun hr-04 uv/led 248w - pink
2763,400,Coleccion Divina Mc
2764,1228,Lampara sun hr-04 uv/led 248w - pink
2765,1228,Lampara sun hr-04 uv/led 248w - pink
2766,1228,Lampara sun hr-04 uv/led 248w - pink
2767,1204,Gel Bunny
2767,1228,Lampara sun hr-04 uv/led 248w - pink
2768,1204,Gel Bunny
2768,1007,ACRILICO AURORA PURPLE
2769,1204,Gel Bunny
2770,857,PLATA
2770,500,JELLY SPA PERA PASO 2
2770,283,NL.202
2770,389,Carving Building Gel Latte Gel Solido
2771,467,GEL FORM ACRILICO EN GEL WHITE
2771,1096,DECORACION MAR
2772,880,07 ROJO LINNER
2772,959,57 BEIGE CREMA
2772,168,Biotina
2772,355,BOND 2 ADERENTE GC
2773,65,Glitter Rose Coleccion
2773,221,Sales Minerales De Limon 1kg
2773,719,PINCEL ONE STROKE #1
2774,418,Dreams Rubber Gel 7 12ml Mc
2774,368,C.36
2774,236,Bullet Rojo
2775,1204,Gel Bunny
2776,1204,Gel Bunny
2777,1204,Gel Bunny
2778,1175,GLITTER NEGRO FANTASY
2778,400,Coleccion Divina Mc
2778,1204,Gel Bunny
2778,168,Biotina
2779,1079,CRYSTAL GLUE 30G
2779,497,Iliminous Top Gel 12ml Mc
2780,797,FLAKE ROJO
2780,789,AZUL CRAYOLA
2780,1204,Gel Bunny
2781,1204,Gel Bunny
2782,748,Pododisco 15mm
2782,372,CLIP REMOVEDOR DE GEL MARIA CIBELES
2783,1204,Gel Bunny
2784,1204,Gel Bunny
2785,1204,Gel Bunny
2786,1228,Lampara sun hr-04 uv/led 248w - pink
2786,135,Sany Spary Rose 240ml
2787,1228,Lampara sun hr-04 uv/led 248w - pink
2787,807,ROSA BRILLANTE
2788,1228,Lampara sun hr-04 uv/led 248w - pink
2789,1204,Gel Bunny
2789,1043,BASE TRASLUCIDA 07
2790,1204,Gel Bunny
2791,569,Monomero TAPA NARANJA Mc 4oz
2791,1204,Gel Bunny
2792,1204,Gel Bunny
2793,1204,Gel Bunny
2793,79,LUZ DE LUNA OJO DE GATO
2793,649,SOLUCION CLEAN ANTISEPTICO
2794,1204,Gel Bunny
2795,1204,Gel Bunny
2796,1204,Gel Bunny
2796,388,COWBOY NATURAL TIP
2797,168,Biotina
2797,297,PUNTA SILICON GDE NAIL TECH
2797,283,NL.202
2798,1096,DECORACION MAR
2798,514,LIMA COBA MC 180/180
2799,954,53 SKIN SHINE
2799,227,Spray ANTITRANSPIRANTE Y Antiolor 60 Ml
2800,472,GODETE De Porcelana Grande Mc
2800,178,ESPUMA CEREZA 250ML
2800,65,Glitter Rose Coleccion
2800,1056,CARACOLA MAR
2801,1044,BASE TRASLUCIDA CANDY 04
2801,202,Mascarilla De Piña Y Kiwi 100gr
2802,283,NL.202
2802,467,GEL FORM ACRILICO EN GEL WHITE
2802,856,01 NEGRO LINNER
2802,247,CL.223 5mm
2803,1228,Lampara sun hr-04 uv/led 248w - pink
2804,1228,Lampara sun hr-04 uv/led 248w - pink
2805,1056,CARACOLA MAR
2805,1134,FOTO SENSIBLE VERDE
2805,1073,COWBOY CRISTAL
2805,1045,BASE TRASLUCIDA MILK 08
2806,372,CLIP REMOVEDOR DE GEL MARIA CIBELES
2807,1204,Gel Bunny
2808,956,54 BLANCO HUESO
2808,155,Jelly Citricos 1 Y 2
2808,1204,Gel Bunny
2808,748,Pododisco 15mm
2809,141,Vino Wapicolors
2809,791,MORADO VIOLETA
2809,297,PUNTA SILICON GDE NAIL TECH
2809,48,DIOSAS SELENE 1oz
2809,1204,Gel Bunny
2810,1204,Gel Bunny
2810,466,GEL EN FRIO
2811,178,ESPUMA CEREZA 250ML
2811,472,GODETE De Porcelana Grande Mc
2811,48,DIOSAS SELENE 1oz
2811,326,ACRILICO Transparente 1oz Mc
2812,627,Pinza Recta Decoracion Mc
2812,161,ACRILICO MEDICADO 1 OZ CRYSTAL O ROSA
2812,628,Primer Adherente Mc
2812,1228,Lampara sun hr-04 uv/led 248w - pink
2813,389,Carving Building Gel Latte Gel Solido
2813,838,RUBBER FAIREST NUDE
2813,832,HELLO DOLL
2813,1007,ACRILICO AURORA PURPLE
2814,1228,Lampara sun hr-04 uv/led 248w - pink
2815,1204,Gel Bunny
2816,154,Jelly Cherry Pop 1 y 2
2816,595,PASO 2 JELLY FRESA
2816,391,Cepillo Doble Amarillo
2816,626,Pinza Para Estructura Maria Cibeles
2817,1204,Gel Bunny
2817,418,Dreams Rubber Gel 7 12ml Mc
2818,1204,Gel Bunny
2819,1228,Lampara sun hr-04 uv/led 248w - pink
2820,1228,Lampara sun hr-04 uv/led 248w - pink
2821,1228,Lampara sun hr-04 uv/led 248w - pink
2822,1228,Lampara sun hr-04 uv/led 248w - pink
2823,959,57 BEIGE CREMA
2823,880,07 ROJO LINNER
2823,352,BOMBA JELLY MANGO MC
2823,1228,Lampara sun hr-04 uv/led 248w - pink
2824,605,PINCEL Mc Lainer #1
2824,834,HELLO BLING UP VOL1
2824,1228,Lampara sun hr-04 uv/led 248w - pink
2825,1053,BROW 1OZ
2825,290,P.12
2825,763,Witchery Mirror
2826,1228,Lampara sun hr-04 uv/led 248w - pink
2827,1228,Lampara sun hr-04 uv/led 248w - pink
2828,1204,Gel Bunny
2829,1204,Gel Bunny
2830,1204,Gel Bunny
2831,1204,Gel Bunny
2832,1204,Gel Bunny
2833,1204,Gel Bunny
2834,626,Pinza Para Estructura Maria Cibeles
2834,355,BOND 2 ADERENTE GC
2834,1204,Gel Bunny
2835,1228,Lampara sun hr-04 uv/led 248w - pink
2836,290,P.12
2836,763,Witchery Mirror
2837,838,RUBBER FAIREST NUDE
2837,389,Carving Building Gel Latte Gel Solido
2837,832,HELLO DOLL
2837,1228,Lampara sun hr-04 uv/led 248w - pink
2838,1228,Lampara sun hr-04 uv/led 248w - pink
2838,48,DIOSAS SELENE 1oz
2839,1228,Lampara sun hr-04 uv/led 248w - pink
2840,1228,Lampara sun hr-04 uv/led 248w - pink
2840,221,Sales Minerales De Limon 1kg
2841,1228,Lampara sun hr-04 uv/led 248w - pink
2842,1228,Lampara sun hr-04 uv/led 248w - pink
2843,1228,Lampara sun hr-04 uv/led 248w - pink
2843,297,PUNTA SILICON GDE NAIL TECH
2844,1228,Lampara sun hr-04 uv/led 248w - pink
2844,657,Sal Mineral Rosa Floral
2845,1228,Lampara sun hr-04 uv/led 248w - pink
2846,48,DIOSAS SELENE 1oz
2846,1043,BASE TRASLUCIDA 07
2847,472,GODETE De Porcelana Grande Mc
2847,178,ESPUMA CEREZA 250ML
2847,1228,Lampara sun hr-04 uv/led 248w - pink
2848,1228,Lampara sun hr-04 uv/led 248w - pink
2849,778,ROSA BARBIE
2849,1105,DIAMOND OPAL
2849,826,GEL BUILDER
2850,474,Gama E Color Full
2850,1001,ACETONA PURA 32OZ
2851,826,GEL BUILDER
2851,1105,DIAMOND OPAL
2851,400,Coleccion Divina Mc
2851,1096,DECORACION MAR
2852,1204,Gel Bunny
2853,1204,Gel Bunny
2854,985,75 PERLA
2854,1096,DECORACION MAR
2854,352,BOMBA JELLY MANGO MC
2855,748,Pododisco 15mm
2855,372,CLIP REMOVEDOR DE GEL MARIA CIBELES
2855,960,58 BILE
2856,417,Dreams Rubber Gel 5 12ml Mc
2856,112,PINK SALMON COVER WAPIZIMA 57g
2856,65,Glitter Rose Coleccion
2857,1228,Lampara sun hr-04 uv/led 248w - pink
2857,406,Colorful Sunlight Monomero 8oz
2857,418,Dreams Rubber Gel 7 12ml Mc
2858,1228,Lampara sun hr-04 uv/led 248w - pink
2859,1228,Lampara sun hr-04 uv/led 248w - pink
2860,1228,Lampara sun hr-04 uv/led 248w - pink
2861,1204,Gel Bunny
2862,539,MIX 3
2862,325,ACEITE PARA MASAJES MENTA MC
2863,268,KD.702
2863,1204,Gel Bunny
2863,507,Kit Mini Mc Manicura/Pedicure (varios)
2864,1204,Gel Bunny
2865,247,CL.223 5mm
2865,1204,Gel Bunny
2865,168,Biotina
2866,1204,Gel Bunny
2867,1204,Gel Bunny
2867,960,58 BILE
2868,1204,Gel Bunny
2868,832,HELLO DOLL
2868,86,MONOMERO PIÑA WAPIZIMA
2869,1204,Gel Bunny
2870,1228,Lampara sun hr-04 uv/led 248w - pink
2871,406,Colorful Sunlight Monomero 8oz
2871,983,73 BUGAMBILIA
2871,1228,Lampara sun hr-04 uv/led 248w - pink
2872,1228,Lampara sun hr-04 uv/led 248w - pink
2873,807,ROSA BRILLANTE
2873,657,Sal Mineral Rosa Floral
2874,1228,Lampara sun hr-04 uv/led 248w - pink
2875,940,43 CHOCOLATE CLARO
2875,822,UVA
2875,135,Sany Spary Rose 240ml
2875,659,Solucion Antiseptica Amarillo Colorful
2875,357,Base Gel Novamore
2876,959,57 BEIGE CREMA
2876,352,BOMBA JELLY MANGO MC
2877,236,Bullet Rojo
2877,288,P.04
2878,826,GEL BUILDER
2878,1105,DIAMOND OPAL
2878,778,ROSA BARBIE
2878,86,MONOMERO PIÑA WAPIZIMA
2878,268,KD.702
2879,536,MANO DE PRACTICA Con Y Sin Uñas
2880,1096,DECORACION MAR
2880,79,LUZ DE LUNA OJO DE GATO
2880,985,75 PERLA
2881,178,ESPUMA CEREZA 250ML
2881,472,GODETE De Porcelana Grande Mc
2881,48,DIOSAS SELENE 1oz
2881,65,Glitter Rose Coleccion
2882,135,Sany Spary Rose 240ml
2882,822,UVA
2882,940,43 CHOCOLATE CLARO
2882,357,Base Gel Novamore
2882,9,ALMOND PINK WAPIZIMA 28g
2883,1204,Gel Bunny
2883,514,LIMA COBA MC 180/180
2883,662,Solucion Antiseptica Morado Colorful
2884,1204,Gel Bunny
2885,1228,Lampara sun hr-04 uv/led 248w - pink
2886,1228,Lampara sun hr-04 uv/led 248w - pink
2887,1228,Lampara sun hr-04 uv/led 248w - pink
2888,105,Natural Shine
2888,157,Limaton 100/100
2888,1228,Lampara sun hr-04 uv/led 248w - pink
2889,1172,GLAM STRON-GEL
2889,353,BOMBA JELLY PERA
2889,1228,Lampara sun hr-04 uv/led 248w - pink
2889,1105,DIAMOND OPAL
2890,954,53 SKIN SHINE
2890,228,Steribon 1lt
2890,626,Pinza Para Estructura Maria Cibeles
2891,605,PINCEL Mc Lainer #1
2892,1189,Gel Base Trasalucida Canela #2
2892,799,VERDE FLAKE
2892,838,RUBBER FAIREST NUDE
2892,1162,GEL PLATA LUMISTIK
2893,574,NATURALEZA MUERTA VARIOS COLORES
2893,626,Pinza Para Estructura Maria Cibeles
2893,86,MONOMERO PIÑA WAPIZIMA
2894,579,Ojo De Gato Gc 15
2894,789,AZUL CRAYOLA
2895,1228,Lampara sun hr-04 uv/led 248w - pink
2896,400,Coleccion Divina Mc
2896,559,Magic Remover Dreams Mc
2896,297,PUNTA SILICON GDE NAIL TECH
2896,1079,CRYSTAL GLUE 30G
2897,709,AR017 CREAMY
2897,474,Gama E Color Full
2897,1001,ACETONA PURA 32OZ
2897,1228,Lampara sun hr-04 uv/led 248w - pink
2898,1228,Lampara sun hr-04 uv/led 248w - pink
2898,1079,CRYSTAL GLUE 30G
2899,1228,Lampara sun hr-04 uv/led 248w - pink
2900,709,AR017 CREAMY
2900,474,Gama E Color Full
2900,1001,ACETONA PURA 32OZ
2900,657,Sal Mineral Rosa Floral
2900,574,NATURALEZA MUERTA VARIOS COLORES
2901,141,Vino Wapicolors
2901,571,Mostrario Cristal
2902,1073,COWBOY CRISTAL
2902,536,MANO DE PRACTICA Con Y Sin Uñas
2902,659,Solucion Antiseptica Amarillo Colorful
2902,791,MORADO VIOLETA
2902,1079,CRYSTAL GLUE 30G
2903,77,LIPSTIC IVETTE COVER WAPIZIMA 1oz
2903,1055,CAPUCCINO 2OZ
2903,569,Monomero TAPA NARANJA Mc 4oz
2904,326,ACRILICO Transparente 1oz Mc
2904,135,Sany Spary Rose 240ml
2905,807,ROSA BRILLANTE
2905,417,Dreams Rubber Gel 5 12ml Mc
2905,202,Mascarilla De Piña Y Kiwi 100gr
2906,791,MORADO VIOLETA
2906,297,PUNTA SILICON GDE NAIL TECH
2906,1228,Lampara sun hr-04 uv/led 248w - pink
2907,15,Atenea Diosas Coleccion
1466,1210,Exfoliante en Gel Lima & Limón
